GPUname,GPUname
geforce gts 150,geforce mx150 gp107
quadro4 980 xgl,geforce 7100 gs
tesla m2090,geforce 6800 xt
tesla k20,ion
tesla k40c,geforce gtx 760 oem
tesla k10,geforce gt 445m
tesla k20x,tesla v100 sxm2 32 gb
tesla c2070,tesla c870
tesla c2075,geforce gtx 470
quadro4 750 xgl,geforce gt 735m
quadro4 900 xgl,geforce go 6200
quadro4 780 xgl,grid k140q
tesla c2050,geforce gtx titan z
quadro4 580 xgl,geforce4 mx 4000 pci
quadro4 550 xgl,jetson nano gpu
quadro4 380 xgl,quadro4 900 xgl
quadro4 700 xgl,geforce gtx 860m oem
quadro4 500 xgl,geforce gtx 970m
titan x pascal 2016,p102-101
geforce titan xp,grid m3-3020
geforce gtx titan zotac edition,geforce 305m
geforce gtx titan z palit 12gb edition,geforce gtx 660 oem
geforce gtx titan z evga superclocked 12gb edition,geforce gtx 460 se
geforce gtx titan z,geforce go 7900 gs
geforce gtx titan z evga hydro copper 12gb edition,geforce 9800 gt rebrand
geforce gtx titan x evga hybrid 12gb edition,geforce4 mx 4000
geforce gtx titan x evga superclocked 12gb edition sli,geforce 8800 gts 320
geforce gtx titan zotac amp! edition,tegra 2 gpu
geforce gtx titan x sli,geforce gt 540m
geforce gtx titan x,tesla v100s pcie 32 gb
geforce gtx titan x evga superclocked 12gb edition,geforce mx450 25w
geforce gtx titan windforce 3x oc edition,geforce gtx 470 physx edition
geforce gtx titan sli,geforce 6800
geforce gtx titan p 12gb [not released],tesla p40
geforce gtx titan inno3d edition,geforce mx150
geforce gtx titan p 16gb [not released],quadro fx 1400
geforce gtx titan gigabyte edition,a10 pcie
geforce gtx titan ichill accelero hybrid edition,geforce gtx 470 x2
geforce gtx titan asus edition,quadro 2000
geforce gtx titan black edition,grid k560q
geforce gtx titan evga edition,geforce gts 250
geforce gtx titan,quadro 4000m
geforce gt 140,grid m60-8q
geforce gt 130,geforce4 mx 440-8x
geforce gt 120,quadro p3200 mobile
geforce g 100,geforce 9700m gts
quadro nvs 510m,geforce pcx 4300
quadro nvs 300m,geforce gtx 760m
quadro nvs 320m,geforce 6600 gt agp
quadro nvs 160m,geforce gt 120 oem
quadro nvs 150m,geforce gt 630m
nvs 5400m,quadro fx 1500m
geforce4 go 488,geforce 9200
geforce 9800m gts,quadro fx 4600 sdi
geforce 9800m gtx sli,quadro t1000 mobile
geforce 9800m gt sli,playstation 3 gpu 90nm
geforce 9800m gts sli,tesla k40s
geforce 9800m gtx,geforce gtx 1050 ti mobile
geforce 9800m gs,quadro2 mxr low profile
geforce 9700m gt,quadro rtx 4000 max-q
geforce 9800m gt,geforce4 mx 440-se
geforce 9650m gs,geforce 9600 gso
geforce 9700m gts,geforce4 ti 4800
geforce 9600m gt,geforce gtx 560 se
geforce 9650m gt,quadro fx go1000
geforce 9500m gs,geforce fx 5500
geforce 9600m gs,geforce gt 1030 gk107
geforce 9500m g,quadro rtx 3000 max-q
geforce 9300m gs,geforce gtx 1060 6 gb gddr5x
geforce 9300m g,geforce gtx 950m mac edition
geforce 9200m ge,geforce gt 740m
geforce 9400m,geforce 6600 ve
geforce 9500m,quadro 4100
geforce 9100m,geforce 310m
geforce 9200m gs,tesla t10 processor
geforce4 go 460,quadro m520 mobile
geforce 9400m g,geforce4 ti 4200-8x
geforce4 go 440,geforce 810m
quadro fx 880m,geforce rtx 2080 super
geforce4 go 420,geforce 8400 gs
quadro fx 770m,geforce 820a
geforce4 go 4200,geforce rtx 2060 max-q
quadro fx 3700m,geforce mx110
quadro fx 570m,nvs 510
quadro fx 380m,geforce 9800m gt
quadro fx 3800m,geforce 7000m + nforce 610m
quadro fx 360m,quadro fx 4600
quadro fx 3600m,geforce 7050 pv + nforce 630a
quadro fx 2800m,geforce 8800m gtx
quadro fx 350m,geforce gt 640m le
quadro fx 3500m,quadro m4000
quadro fx 2500m,geforce gtx 1050 ti
quadro fx 1800m,geforce mx350
quadro fx 1700m,quadro4 700 go gl
quadro k610m,quadro nvs 160m
quadro fx 1500m,geforce gts 150m
quadro fx 2700m,quadro m5000
quadro k5100m,geforce 9200
quadro k4000m,quadro fx 3800m
quadro k500m,jetson agx xavier gpu
quadro k5000m,quadro4 550 xgl
quadro k3000m,geforce 605 oem
quadro k2000m,geforce gt 710 pcie x1
quadro 5010m,geforce gtx 860m
quadro k1100m,quadro2 pro
quadro k3100m,geforce4 448 go
quadro k1000m,geforce gtx 1650 gddr6
quadro 4000m,geforce 9650m gt
quadro 3000m,geforce 315 oem
quadro 2000m,geforce 805a
quadro fx 1600m,geforce 9800 gt
quadro 5000m,geforce gt 335m
nvs 5200m,geforce2 mx + nforce 220
quadro 1000m,geforce gtx 980 ti
nvs 5100m,geforce 9400m
nvs 4200m,geforce 315m
nvs 3100m,geforce gtx 260 rev. 2
quadro nvs 140m 256mb gddr3,geforce rtx 3050
quadro nvs 140m 128mb gddr2,geforce gtx 965m
nvs 2100m,geforce g102m
quadro nvs 135m,geforce gtx 980 mobile
quadro nvs 130m,geforce gtx 1650 ti mobile
quadro nvs 120m,geforce gt 520 oem
quadro nvs 110m,geforce mx350
geforce 7150m nforce 630m,geforce g210 oem rev. 2
geforce 8800m gtx,quadro fx 570m
geforce 8800m gtx sli,geforce gt 630 rev. 2
geforce 8800m gts,geforce mx330
geforce go 6800 ultra,geforce 6600 gt dual
geforce gtx 880m 8gb,nvs 3100m
geforce go 7900 gtx,quadro nvs 440
geforce go 7200,grid k260q
geforce go 7800 gtx,geforce 9300 + nforce 730i
geforce go 7950 gtx,geforce gtx 1060 5 gb
geforce gtx 880m sli,geforce gtx 1060 6 gb gp104
geforce gtx 485m sli,geforce gt 1030 ddr4
geforce gtx 880m 4gb,pg506-232
geforce go 7900 gs,quadro k600
geforce gts 160m,geforce gtx 1660 ti mobile
geforce gtx 580m sli,geforce fx 5200 pci
geforce gtx 560m sli,quadro t600 mobile
geforce gtx 570m,geforce go 7300
geforce gt 555m 3gb,quadro fx 2700m
geforce gtx 580m,geforce fx go5300
geforce gt 555m v2,geforce 6800 xt
geforce gtx 560m,geforce 7300 gs low profile
geforce gt 555m v3,geforce 9800s
geforce gt 550m 2gb,geforce 7025 + nforce 630a
geforce gt 540m,geforce gtx 480m
geforce gt 555m,geforce gtx 285 mac edition
geforce gt 540m 2gb,geforce 9500 gs rev. 2
geforce gt 550m,quadro plex 2100 d4
geforce gt 525m,geforce gtx 1080 max-q
geforce gt 525m 2gb,quadro m5500 mobile
geforce gt 520m v2,geforce gtx 580
geforce gt 520m,geforce rtx 2060 max-q refresh
geforce gtx 280m,geforce gtx 1080 11gbps
geforce gtx 285m,quadro p3000 mobile
geforce gt 520mx,geforce gt 730
geforce gtx 260m,geforce fx go5200 64m
geforce gtx 260m sli,geforce 7600 gs agp
geforce gts 260m,geforce rtx 3070 mobile
geforce gts 250m,geforce 6100 + nforce 420
geforce gtx 280m sli,geforce 6100 + nforce 430
geforce gtx 1070m,geforce gtx 560 ti oem
geforce gtx 1050m ti 4gb,grid m60-2q
geforce gt 240m,titan x pascal
geforce gtx 1080 ti mobile,quadro fx 5600
geforce gtx 1050m,p106-090
geforce g 210m,quadro fx go1400
geforce gt 230m,geforce go 7300t
geforce gtx 1060m,geforce gt 325m
geforce gtx 285m sli,rtx a5000
geforce gt 130m,geforce 7900 gt
geforce gts 150m,quadro k2200
geforce g 205m,geforce gt 720m
geforce gt 220m,quadro 4000
geforce g 103m,geforce 8800 gts 640
geforce g 105m,tesla k20m
geforce g 102m,quadro nvs 135m
geforce gt 120m,geforce rtx 2080 super mobile
geforce gtx 485m,jetson tx1 gpu
geforce gtx 480m,geforce gt 1030
geforce gtx 480m sli,geforce fx 5900 ultra
geforce gtx 470m sli,quadro 1000m
geforce gtx 470m,quadro fx 4400
geforce gt 445m v2,geforce 6800 gt
geforce g 110m,quadro fx 4400g
geforce gt 445m,geforce rtx 2060
geforce gtx 460m sli,grid k200
geforce gt 435m v2,quadro fx 3500
geforce gt 435m,geforce gt 120m mac edition
geforce gt 425m,geforce gtx 460 v2
geforce gtx 460m,geforce 7050 + nforce 620i
geforce gtx 870m 6gb,geforce 840m
geforce gtx 1080m,geforce4 mx 420 pci
geforce 410m,geforce 6200 turbocache
geforce gt 420m,quadro fx 600 pci
geforce gt 415m,quadro p400
geforce gtx 860m 4gb,quadro 7000
geforce 405m,tesla t4
geforce gtx 850m v2 2gb,quadro k4200
geforce gtx 850m 4gb,geforce fx 5200 rev. 2
geforce gtx 860m 2gb sli,geforce 6800
geforce 840m 4gb,geforce go 7400t
geforce gts 360m,geforce fx 5950 ultra
geforce 820m 2gb,quadro fx 470
geforce gts 350m,geforce gtx 750 ti
geforce gt 335m,tesla p100 pcie 12 gb
geforce 840m 2gb,geforce gtx 950a
geforce gt 330m,geforce go 7800
geforce gt 325m,ion le
geforce 825m 2gb,geforce 6800 gto
geforce 320m,quadro plex 1000 model iv
geforce gt 320m,grid k100
geforce gtx 850m 2gb,geforce gts 450 oem
geforce 310m,a100 sxm4 80 gb
geforce 315m,quadro fx 350m
geforce gtx 870m 3gb,geforce 6800 xt
geforce 820m 1gb,geforce 9300 gs
geforce 305m,quadro rtx 3000 mobile refresh
geforce gtx 675mx mac edition,tesla c2070
geforce gtx 680m,quadro rtx 6000 passive
geforce gtx 675mx,quadro rtx 5000
geforce gtx 680mx,geforce 830a
geforce gtx 680m sli,geforce gtx 1060 3 gb
geforce gtx 675m,geforce 920mx
geforce gtx 675m sli,quadro k6000
geforce gtx 860m 2gb,geforce2 mx 200 pci
geforce gtx 670mx sli,geforce 8400 gs pci
geforce 310m v2,geforce gtx titan x
geforce gtx 670m,geforce 9800 gtx+
geforce gtx 670m 3gb,quadro2 mxr
geforce gtx 670mx,geforce 310m
geforce gtx 660m,geforce 8600 gts
geforce gt 650m v2 sli,geforce gt 220
geforce gt 650m mac 1gb edition,geforce 8400m gt
geforce gt 645m,geforce gtx 1060 6 gb 9gbps
geforce gt 640m le v2,geforce gt 520 oem
geforce gt 640m le,geforce gtx 570m
geforce gt 650m,p106m
geforce gt 640m,geforce g105m
geforce gt 635m v3,grid rtx t10-16
geforce gt 635m v2,geforce gt 640m
geforce gt 630m,geforce gtx 780m
geforce gt 625m,geforce 6200
geforce gt 620m v2,quadro k3000m
geforce gt 630m v3,geforce gtx 660m mac edition
geforce gt 620m,geforce 9600m gt mac edition
geforce 610m v5,geforce gtx 275 physx edition
geforce gt 630m v2,geforce 710m
geforce 830m 2gb,ion hx
geforce 610m v4,geforce 7500 le
geforce 610m v3,geforce gtx 670mx
geforce 610m v2,geforce gtx 1070 ti
geforce gtx 780m sli,geforce 6200 le
geforce gtx 780m,nvs 810
geforce gtx 770m sli,quadro p5200 max-q
geforce gtx 770m,geforce rtx 3050 mobile
geforce gt 635m,quadro fx go700
geforce gtx 765m sli,grid k1
geforce gtx 775m mac edition,geforce rtx 3050 max-q
geforce gtx 760m sli,geforce g100 oem
geforce gtx 765m,geforce 6200 pci
geforce gt 755m sli,geforce mx250
geforce gtx 760m,geforce4 mx 4000 rev. 2
geforce gt 750m v3,geforce go 6400
geforce gt 750m mac edition,quadro k2100m
geforce gt 750m sli,geforce 945m
geforce gt 750m,geforce 6800
geforce gt 750m 2gb gddr5,quadro fx 1800m
geforce gt 745m v2,tesla k40st
geforce gt 740m v2,rtx a4000
geforce gt 745m,geforce gt 130m
geforce gt 755m,geforce fx 5900 zt
geforce gt 740m 64-bit edition,geforce rtx 3070 ti
geforce gt 740m,geforce 8600 gt
geforce gt 730m v2,geforce 945a
geforce gt 730m,quadro plex 2200 s4
geforce gt 720m 2gb,geforce rtx 2080 max-q
geforce gt 735m,geforce 7300 le
geforce 710m,quadro rtx 4000
geforce gt 720m,geforce 7950 gt agp
geforce gt 650m v2,geforce 615
geforce gtx 980m 8gb sli,switch gpu 16nm
geforce gtx 980mx 8gb,geforce gtx 560 ti x2
geforce gtx 980m 8gb,geforce fx go5200
geforce gtx 980m 4gb,geforce 810m
geforce gtx 970mx 3gb,geforce gtx 1080
geforce gtx 970m 6gb sli,geforce gtx 760
geforce gtx 970m 3gb,grid k160q
geforce gtx 970m 6gb,tesla m2070
geforce gtx 965m 4gb sli,geforce gtx titan black
geforce gtx 980 4gb,quadro p5000
geforce gtx 960m 4gb,geforce gt 740 oem
geforce gtx 965m 4gb,geforce 9400m g
geforce gtx 960m 2gb,geforce gts 450 rev. 3
geforce 610m,quadro fx 4000
geforce gtx 950m v2 2gb,geforce 8800 ultra
geforce 940mx 2gb,geforce 8800 gtx
geforce 945m 2gb,geforce 6800 gt ddl
geforce gtx 950m v2 4gb,quadro k1200
geforce gtx 965m 2gb,geforce2 go 200
geforce 705m 1gb,geforce 7050 se + nforce 630a
geforce 930mx 2gb,geforce gt 740
geforce gtx 950m 2gb,quadro k5000
geforce 940m 2gb,geforce mx150
geforce 920mx 2gb,geforce 9200m
geforce 930m 2gb,geforce 6800 le
geforce 940m 4gb,geforce 930m
geforce 920m 4gb,geforce fx 5600 xt
geforce 910m 2gb,quadro k5100m
geforce 920m 2gb,geforce 310 oem
geforce go 7800,geforce 940mx
geforce go 7700,rtx a6000
geforce go 7300,geforce 8600 gts mac edition
geforce go 7600 gt,geforce 9500m g
geforce 920m 1gb,geforce go 7400
geforce go 7400,tesla c2050
geforce go 6800,quadro p620 mobile
geforce go 6600,geforce 8800 gts 512
geforce go 7600 512mb ddr2,quadro m3000m
geforce go 6400,tesla s1075
geforce go 6150,geforce fx go5200 npb 32m
geforce go 6100,quadro k5200
geforce go 6200,geforce 710a
geforce 8800m gt,geforce 8300
geforce 8800m gs,geforce 6600 agp
geforce go 7600,geforce 710a
geforce 8700m gt,quadro fx 5600 mac edition
geforce 8700m gt 256mb,geforce gtx 960 oem
geforce 8600m gt 512mb,grid rtx t10-8
geforce 8600m gt,geforce gtx 1050 mobile
geforce 8400m gs,geforce rtx 3080 max-q
geforce 8600m gs,geforce gtx 1650 max-q
geforce 8400m g,geforce gt 525m
geforce 7000m/nforce 610m,geforce gt 610 pci
geforce 8200m g,geforce gtx 750 gm206
geforce 8400m gt,geforce gtx 680mx mac edition
quadro nvs 420,grid a100a
quadro nvs 310 pny low profile edition,geforce rtx 2070 max-q
quadro fx 5800,geforce4 mx 440-se
quadro nvs 450,geforce2 mx dh pro tv
quadro plex 7000,geforce gtx 260m
geforce 7025 nforce 630a,geforce 9700m gt
geforce 9800 gx2 sli,geforce gtx 980m
quadro k6000,geforce gt 330m mac edition
quadro m4000,geforce2 mx
vanta lt,titan v
quadro k5200,geforce gts 150 oem
quadro k5000,geforce rtx 2070
quadro k620,geforce gtx 780 rev. 2
quadro k4200,geforce 825m
quadro k2200,p104-101
quadro k600 pny 1gb edition,geforce 720a
quadro k600,geforce 705m
quadro k420,geforce gtx 555 oem
quadro cx,geforce 7300 gt mac edition
quadro 6000,geforce 210 rev. 2
quadro 4000,geforce 8800 gs mac edition
quadro 600,geforce gt 720
quadro 2000d,geforce 7200 gs
quadro 410,geforce gt 620 oem
quadro 400,geforce2 mx pci
ion le,geforce 7300 se
geforce 9800 gtx+,geforce 6800 gt dual
geforce 9800 gx2,quadro4 750 xgl
quadro 2000,geforce 6200 se turbocache
quadro 5000,geforce 9500m gs
geforce 8800 ultra,geforce 705a
geforce 9800 gt 1gb sli,geforce go 6250
geforce 9800 gt green edition,quadro p4200 mobile
geforce 9800 gtx sli,geforce2 go
geforce 9800 gtx,geforce gtx 280
geforce 9800 gt,geforce rtx 3080 mobile
geforce 9600 gt asus magic hdmi 512mb edition,quadro fx 380 lp
geforce 9800 gt 1gb,geforce rtx 3090
geforce 9600 gso evga dual-slot 768mb edition,geforce 7800 gtx
geforce 9600 gt 512mb,tesla m2070-q
geforce 9600 gso 512mb,tesla x2090
geforce 9500 gt,geforce gt 720a
geforce 9600 gso,geforce gtx 285
geforce 9600 gs,geforce gts 360m
geforce 9500 gs,geforce gt 520m
geforce 9480,geforce fx go5700
geforce 9600 gt 1gb,geforce rtx 3050 ti mobile
geforce 9400 gt 1gb,quadro fx 3700
geforce 9300 gs,geforce gt 640
geforce 9400,geforce 6200 agp
geforce 9300,geforce gtx 260 core 216 rev. 2
geforce 9200,quadro nvs 280 agp
geforce 7950 gx2,quadro fx 880m
geforce 9300 ge,p102-100
geforce 9400 gt,geforce 6800 gs
geforce 7950 gt,quadro cx
geforce 7900 gtx,tesla m6
geforce 7900 gs,quadro k610m
geforce 7900 gt,geforce go 7200
geforce 7800 gtx,a16 pcie
geforce 9100,geforce gt 120m
geforce 7900 gto,quadro p5000 mobile
geforce 7600 gt 256mb,quadro fx 5800
geforce 7800 gt,quadro p1000 mobile
geforce 7650 gs,geforce 7100 + nforce 630i
geforce 7800 gs,geforce 9300 gs rev. 2
geforce 7600 gs,geforce gtx 960 oem
geforce 7600 gs asus silent edition,geforce2 ultra
geforce 7300 se/7200 gs,geforce gt 555m
geforce 7300 gs 256mb,geforce gtx 560 ti
geforce 7500 le,geforce 205 oem
geforce 7300 le,geforce rtx 2070 mobile
geforce 7300 gt,geforce2 go
geforce 7100,geforce gtx 780 6 gb
geforce 7050,geforce mx450 30.5w 10gbps
geforce 7050 pv nforce 630a,quadro k5000m
geforce 8800 gts 640mb,geforce fx 5900
geforce 7100 gs inno3d 128mb edition,quadro 5000m
geforce 8800 gtx 768mb,geforce 6100 + nforce 400
geforce 7100 gs inno3d 256mb edition,geforce 7800 gs agp
ion,geforce gt 555m
geforce 8800 gts 512mb,geforce gt 645 oem
geforce 8800 gts,nvs 2100m
geforce 8800 gts 512mb sli,geforce gt 520 pcie x1
geforce 8800 gts evga ssc 640mb edition,quadro nvs 280 pcie
geforce 8800 gt,grid k500
geforce 8600 gt inno3d 512mb gddr2,a100 sxm4 40 gb
geforce 8600 gts 512mb,quadro m600m
geforce 8600 gts 256mb,geforce rtx 2080 super max-q
geforce 8800 gs,geforce gtx 760 oem
geforce 8600 gt asus magic 512mb ddr2,geforce2 mx 200 lp
geforce 8600 gt,geforce 7300 gt agp
geforce 8600 gt inno3d 1gb gddr2,quadro fx 500
geforce 8600 gt inno3d 256mb gddr2,geforce gtx 560 ti oem
geforce 8600 gt 256mb ddr3 fatal1ty edition,geforce 315 oem
geforce 8600 gt 512mb gddr3,grid a100b
geforce 8500 gt inno3d 1gb edition,geforce pcx 5950
geforce 8500 gt,tesla v100 pcie 32 gb
geforce 8600 gs,geforce gtx 660m
geforce 8400 gs rev. 4 evga 1gb edition,geforce gtx 780
geforce 8400 gs rev. 4,geforce gtx 765m
geforce 8300,geforce 8600m gt mac edition
geforce 8400 gs rev. 3,geforce 940mx
geforce 8200,geforce 7650 gs
geforce 8400 gs,geforce gtx 645 oem
geforce 8300 gs,geforce 7900 gtx
riva tnt2 ultra,geforce gtx 660
geforce 8100 nforce 720a,quadro t2000 mobile
geforce 8400 gs rev. 2,geforce 7800 gs+ 20pipes agp
riva tnt2 m64,geforce 6800 gt
riva tnt2,geforce gt 425m
riva tnt2 pro,geforce gtx 480
quadro nvs 300,quadro k2000m
quadro nvs 310,geforce gt 440 oem
riva tnt,tesla v100 dgxs 16 gb
quadro nvs 295,tesla k20xm
quadro nvs 290,quadro p600
quadro nvs 285,geforce 910m
quadro nvs 280,geforce 820m
vanta 16mb,quadro 600
quadro fx 580,geforce 7300 gs
quadro fx 5600,geforce rtx 2080 ti
quadro fx 5500,geforce 7025 + nforce 630a
quadro fx 4500,geforce fx 5700 ep
quadro fx 380 lp,geforce gts 450
quadro fx 3800,geforce gtx 870m
quadro fx 380,geforce gtx 960a
quadro fx 3700,quadro p2200
quadro fx 560,geforce 8500 gt
quadro fx 3500,geforce gtx 680m
quadro fx 4600,geforce gtx 970
quadro fx 3400,quadro fx 3500m
quadro fx 3450,geforce gt 520mx
quadro fx 1700,geforce 7950 gt
quadro fx 570,geforce gtx 980m
quadro fx 1400,quadro m3000 se
quadro fx 1800,tesla v100 sxm2 16 gb
quadro fx 3000,geforce gtx 570 rev. 2
quadro fx 1300,geforce gtx 780m mac edition
quadro fx 1000,quadro nvs 300m
quadro fx 1100,quadro t1000 mobile gddr6
quadro fx 2000 ,quadro p6000
quadro fx 1500,geforce gt 330m
quadro fx 4800,jetson xavier nx gpu
geforce 6800 xt,nvs 300
geforce 6800 ultra,quadro4 200 nvs
geforce fx 5950 ultra,quadro p4000 max-q
geforce4 ti 4800,geforce 9800 gt
geforce 256,quadro4 500 xgl
geforce fx 5900xt,geforce gtx 460 oem
geforce 6800 series 128mb,geforce gt 630m
geforce gt 705,geforce gt 340 oem
geforce4 ti 4800 se,tesla c2090
geforce gtx 590 zotac edition,geforce gtx 260 core 216
geforce gtx 295 evga co-op 1792mb edition,geforce 6200 agp
geforce gtx 480 sli,geforce gtx 675m
geforce 3 ti 500,geforce gt 640m le
geforce gt 330,tesla k20x
geforce gtx 295 evga co-op hydro copper 1792mb edition,geforce gtx 965m
geforce gt 340,xbox gpu
geforce gtx 690 sli,geforce gt 555m
geforce 310 512mb,geforce 610m
geforce 315 512mb,quadro fx 4500 sdi
geforce gt 320,geforce 7600 le
geforce gtx 680 zotac 4gb edition,geforce gtx 980
geforce gtx 690,tesla p4
geforce gtx 690 asus 4gb edition,geforce 8800 gt mac edition
geforce gtx 980 zotac amp! omega core 4gb edition,quadro m1000m
geforce gtx 680 zotac amp edition ,geforce fx 5200 le
geforce gtx 680 winfast 4gb edition,geforce 6500
geforce gtx 680 quad sli,geforce 710a
geforce gtx 690 hydro copper signature edition,geforce 610m
geforce gtx 680 phantom 2gb edition,geforce4 440 go
geforce gtx 680 twin frozr oc edition,geforce 610m
geforce gtx 680 pny xlr8 enthusiast 4gb edition,quadro fx 4700 x2
geforce gtx 680 phantom 4gb edition,geforce rtx 3060 max-q
geforce gtx 680 palit jetstream 2gb edition,geforce gt 240m le
geforce gtx 680 palit jetstream 4gb edition,geforce3
geforce gtx 1080 ti zotac founders edition 11gb,titan v ceo edition
geforce gtx 680 sli,geforce gtx 260 oem
geforce gtx 1080 zotac amp 8gb edition,geforce fx 5600
geforce gtx 1080 ti zotac amp! extreme,geforce gtx 460
geforce gtx 1080 zotac founders 8gb edition,geforce mx450 30.5w 8gbps
geforce gtx 1080 zotac amp extreme 8gb edition,quadro fx 4500 x2
geforce gtx 1080 ti zotac pgf extreme oc,quadro p4000 mobile
geforce gtx 295 evga red 1792mb edition,geforce fx 5200 ultra
geforce gtx 1080 ti sli,geforce 6700 xl
geforce gtx 1080 ti zotac amp!,geforce gtx 1060 3 gb gp104
geforce gtx 1080 ti pny founders edition 11gb,geforce gt 750m
geforce gtx 1080 ti msi lightning x 11gb,geforce gtx 950 low power
geforce gtx 1080 ti msi gaming 11gb,geforce fx 5800
geforce gtx 1080 ti msi sea hawk x 11gb,geforce gt 730 oem
geforce gtx 1080 ti palit founders edition 11gb,geforce go 7900 se
geforce gtx 1080 ti msi gaming x 11gb,jetson tk1 gpu
geforce gtx 1080 ti msi founders edition 11gb,geforce gtx 1060 mobile
geforce gtx 1080 ti msi sea hawk 11gb,quadro nvs 450
geforce gtx 1080 ti msi armor 11gb edition,geforce gt 635m
geforce gtx 1080 ti msi armor oc 11gb,geforce gt 230m
geforce gtx 1080 ti kuroutoshikou founders edition 11gb,tesla m2090
geforce gtx 1080 ti inno3d ichill x3 ultra 11gb,geforce gt 520m
geforce gtx 1080 ti manli f369g 11gb,geforce 405 oem
geforce gtx 1080 ti inno3d ichill x4 11gb,quadro gv100
geforce gtx 1080 ti inno3d ichill x3 11gb,geforce gtx 965m
geforce gtx 1080 ti kfa founders edition 11gb,geforce gtx 1060 6 gb rev. 2
geforce gtx 1080 ti inno3d founders edition 11gb,geforce 7600 gt agp
geforce gtx 1080 ti inno3d gaming oc 11gb,tesla k10
geforce gtx 1080 ti inno3d ichill black 11gb,geforce fx 5600 xt pci
geforce gtx 1080 ti gigabyte founders edition 11gb,geforce gt 230
geforce gtx 1080 ti inno3d ichill x4 ultra 11gb,tesla v100 fhhl
geforce gtx 1080 ti msi aero 11gb,geforce 7050 + nforce 630i
geforce gtx 1080 ti msi aero oc 11gb,geforce fx 5700 le
geforce gtx 1080 ti gigabyte aorus xtreme edition 11gb,grid k280q
geforce gtx 1080 ti galax hall of fame edition 11gb,geforce 9400 gt
geforce gtx 1080 ti gigabyte g1 gaming 11gb,geforce gtx 950 oem
geforce gtx 1080 ti galax founders edition 11gb,geforce 7800 gs 20pipes agp
geforce gtx 1080 ti evga sc2 gaming 11gb,geforce fx 5700 ultra
geforce gtx 1080 ti evga sc black edition gaming 11gb,quadro4 100 nvs
geforce gtx 1080 ti gainward founders edition 11gb,quadro 2000d
geforce gtx 1080 ti colorful founders edition 11gb,quadro m500m
geforce gtx 1080 ti evga founders edition 11gb,geforce2 ti
geforce gtx 1080 ti elsa founders edition 11gb,geforce gt 630 rev. 2 pcie x8
geforce gtx 1080 ti evga ftw3 gaming 11gb,quadro nvs 210s
geforce gtx 1080 ti asus turbo 11gb,geforce gtx 760 ti oem
geforce gtx 1080 ti asus rog strix oc 11gb,geforce 8400m gs
geforce gtx 1080 ti asus rog strix 11gb,geforce 7600 gs
geforce gtx 1080 ti,geforce 210
geforce gtx 1080 ti asus founders edition 11gb,geforce 9300m gs
geforce gtx 1080 palit super jetstream 8gb edition,tesla p10
geforce gtx 1080 pny founders 8gb edition,geforce 720m
geforce gtx 1080 palit founders 8gb edition,geforce 6600 le agp
geforce gtx 1080 sli,geforce gtx 1650 tu106
geforce gtx 1080 msi armor 8gb edition,geforce gtx 970m
geforce gtx 1080 msi founders 8gb edition,geforce2 go 100
geforce gtx 1080 msi gaming x 8gb edition,tesla k40d
geforce gtx 1080 palit jetstream 8gb edition,quadro k1100m
geforce gtx 1080 palit gamerock 8gb edition,tesla k40c
geforce gtx 1080 msi armor oc 8gb edition,geforce gt 730
geforce gtx 1080 ti inno3d twin x2 11gb,quadro fx 5500 sdi
geforce gtx 1080 msi sea hawk 8gb edition,geforce gt 625m
geforce gtx 1080 msi aero oc 8gb edition,geforce4 mx 460
geforce gtx 1080 msi aero 8gb edition,quadro rtx 3000 mobile
geforce gtx 1080 gigabyte founders 8gb edition,geforce 9650m gs
geforce gtx 1080 gigabyte g1 gaming 8gb edition,geforce 9800 gtx
geforce gtx 1080 evga ftw acx 3.0 8gb edition,geforce gtx 680 mac edition
geforce gtx 1080 evga acx 3.0 8gb edition,tesla d870
geforce gtx 1080 colorful igame x-top 8gb,geforce gtx 470m
geforce gtx 1080 inno3d founders 8gb edition,quadro p1000
geforce gtx 1080 ti gainward founders edition 11gb (china),geforce gt 710
geforce gtx 1080 evga 8gb edition,geforce4 mx 420
geforce gtx 1080 asus rog strix gaming 8gb,geforce gt 555m
geforce gtx 1080 asus rog strix gaming oc 8gb edition,geforce4 488 go
geforce gtx 1080 evga superclocked acx 3.0 8gb edition,geforce gt 620m
geforce gtx 1080 evga founders 8gb edition,cmp 30hx
geforce gtx 1080 asus founders 8gb edition,geforce go 7900 gtx
geforce gtx 1070 palit jetstream,geforce gt 635m
geforce gtx 1070 zotac amp!,nvs 5200m
geforce gtx 1070 sli,geforce gtx 850m
geforce gtx 1070 msi sea hawk x 8gb edition,grid m6-8q
geforce gtx 1070 palit gamerock premium,geforce gtx 1060 6 gb
geforce gtx 1070 msi quick silver oc 8gb,geforce gtx 745 oem
geforce gtx 1070 zotac amp! xtreme,quadro fx 4000 sdi
geforce gtx 1080,geforce 8400 gs rev. 3
geforce gtx 1070 msi gaming z 8gb,geforce3 ti200
geforce gtx 1070 msi gaming x 8gb edition,geforce gtx 580 rev. 2
geforce gtx 1070 palit super jetstream,geforce 6610 xl
geforce gtx 1070 msi armor oc 8gb edition,geforce 9600 gt green edition
geforce gtx 1070 msi armor 8gb edition,geforce gt 530 oem
geforce gtx 1070 leadtek winfast hurricane,geforce gtx 550 ti
geforce gtx 1070 gigabyte xtreme gaming,geforce gt 640 oem
geforce gtx 1070 gigabyte mini itx oc 8gb,geforce gtx 675mx mac edition
geforce gtx 1070 gigabyte windforce oc,geforce gt 745a
geforce gtx 1070 msi aero oc 8gb edition,geforce 920m
geforce gtx 1070 msi aero 8gb edition,geforce g110m
geforce gtx 1070 gigabyte founders 8gb edition,geforce rtx 2060 tu104
geforce gtx 1070 galax hof limited edition 8gb,geforce gt 720m
geforce gtx 1070 galax exoc 8gb,geforce gt 720 oem
geforce gtx 1070 galax founders 8gb,rtx a4 mobile
geforce gtx 1070 galax ex 8gb,geforce go 7600 gt
geforce gtx 1070 gainward phoenix glh,geforce mx250
geforce gtx 1070 evga sc gaming acx 3.0 8gb edition,geforce go 6200 te
geforce gtx 1070 evga founders 8gb edition,geforce gt 415m
geforce gtx 1070 evga acx 3.0 8gb edition,geforce 7900 gto
geforce gtx 1070 gainward,geforce 8400
geforce gtx 1070 colorful igame x-top 8gb,geforce gt 740m
geforce gtx 1070 asus rog strix gaming oc 8gb edition,geforce 7600 gt
geforce gtx 1070 msi founders 8gb edition,quadro p5200 mobile
geforce gtx 1070 gigabyte g1 gaming 8gb edition,geforce 8800m gts
geforce gtx 1070 asus turbo,quadro k620m
geforce gtx 1070 asus rog strix gaming 8gb,tesla s1070
geforce gtx 1070 asus founders sli,cmp 90hx
geforce gtx 1070 asus founders,geforce gtx 950m
geforce gtx 1070 asus dual,geforce rtx 2070 super mobile
geforce gtx 1060 palit super jetstream 6gb,geforce gt 620
geforce gtx 1060 zotac mini 6gb,geforce gt 220
geforce gtx 1060 palit jetstream 6gb,geforce gtx 960
geforce gtx 1060 msi oc 3gb,geforce4 460 go
geforce gtx 1060 zotac amp 6gb edition,geforce 9100
geforce gtx 1060 msi ocv1 3g,geforce gts 350m
geforce gtx 1070,geforce rtx 2060 super
geforce gtx 1060 msi gaming x 3gb,geforce rtx 2080 mobile
geforce gtx 1060 msi gaming x 6g edition,geforce gtx 660 ti
geforce gtx 1060 msi gaming 6gb,geforce go 7400
geforce gtx 1060 msi armor v1 3g,geforce 6200 le
geforce gtx 1060 msi gaming 3gb,quadro m2000m
geforce gtx 1060 zotac mini 3gb,geforce go 7600
geforce gtx 1060 msi armor 6g oc,geforce 315 oem
geforce gtx 1060 kfa2 oc 6gb,geforce fx 5600 ultra
geforce gtx 1060 msi 6gt oc,geforce 800a
geforce gtx 1060 msi armor ocv1 3g,geforce 710m
geforce gtx 1060 inno3d ichill x3 3gb,geforce fx 5800 ultra
geforce gtx 1060 kfa2 ex oc white 6gb,geforce4 ti 4200
geforce gtx 1070 gainward phoenix gs,geforce 410m
geforce gtx 1060 inno3d ichill x3,geforce 8600m gt
geforce gtx 1060 inno3d gaming oc 6gb,quadro fx 2500m
geforce gtx 1060 gigabyte xtreme gaming 6gb,quadro4 500 go gl
geforce gtx 1060 kfa2 ex oc black 6gb,geforce gt 130 mac edition
geforce gtx 1060 inno3d compact 6gb,quadro4 580 xgl
geforce gtx 1060 gigabyte mini itx oc 3gb,quadro2 go
geforce gtx 1060 gigabyte mini itx oc 6gb,geforce gtx 660 rev. 2
geforce gtx 1060 inno3d compact 3gb,quadro k420
geforce gtx 1060 gigabyte windforce 2x oc 6gb,geforce 9500 gt rev. 3
geforce gtx 1060 gigabyte gtx g1 gaming 6gb,geforce2 mx 200
geforce gtx 1060 gigabyte windforce 2x oc 3gb,geforce gtx 1050 3 gb
geforce gtx 1060 galax ex oc white 3gb,geforce4 ti 4800
geforce gtx 1060 gigabyte g1 gaming 3gb,geforce 8400 gs rev. 2
geforce gtx 1060 galax oc 3gb,geforce 7050 + nforce 610i
geforce gtx 1060 galax gamer oc 3gb,quadro nvs 280 pci
geforce gtx 1060 gainward phoenix gs 6gb,geforce 8700m gt
geforce gtx 1060 galax ex oc black 3gb,quadro p2000
geforce gtx 1060 evga sc acx 2.0 3gb,geforce 9600 gs oem
geforce gtx 1060 evga ssc gaming acx 3.0 6gb,geforce gtx 560 oem
geforce gtx 1060 evga sc gaming 6gb,quadro m4000m
geforce gtx 1060 evga ftw+ acx 3.0 3gb,geforce gt 1010
geforce gtx 1060 evga acx 2.0 6gb,geforce 7800 gs 24pipes agp
geforce gtx 1060 evga gaming,geforce 7800 gt
geforce gtx 1060 asus rog strix gaming oc 6gb edition,geforce 840a
geforce gtx 1060 evga ftw gaming acx 3.0,quadro gp100
geforce gtx 1060 asus dual oc 6gb,geforce fx 5200 ultra mac edition
geforce gtx 1060 evga acx 2.0 3gb,tesla m60
geforce gtx 1060 asus turbo 6gb,geforce pcx 5750
geforce gtx 1060,geforce 9400 gt rev. 3
geforce gtx 1060 asus dual 3gb,quadro fx 1000
geforce gtx 1060 asus dual 6gb,quadro k510m
geforce gtx 1060 asus dual oc 3gb,geforce 6800 ultra
geforce gtx 1060 3gb,quadro fx 370 lp
geforce gtx 1050 zotac mini 2gb,geforce 7150 + nforce 630i
geforce gtx 1050 ti zotac oc edition 4gb,geforce gt 740a
geforce gtx 1050 ti zotac mini 4gb,tesla k40m
geforce gtx 1050 ti pny xlr8 gaming overclocked edition 4gb,geforce rtx 2070 super max-q
geforce gtx 1050 ti msi oc t 4gb,geforce 510 oem
geforce gtx 1050 ti palit stormx 4gb,quadro 5000 sdi
geforce gtx 1050 ti msi gaming 4gb,geforce g105m
geforce gtx 1050 ti kfa2 oc 4gb,tesla p100 pcie 16 gb
geforce gtx 1050 ti pny 4gb,geforce gt 745m
geforce gtx 1050 ti msi 4gb,geforce fx 5100
geforce gtx 1050 ti inno3d twin x2 4gb,quadro p2000 mobile
geforce gtx 1050 ti msi gaming x 4gb,geforce go 6100 + nforce go 430
geforce gtx 1050 ti gigabyte windforce oc 4gb,quadro fx 4800 mac edition
geforce gtx 1050 ti inno3d 4gb,geforce gtx 570
geforce gtx 1050 ti galax exoc 4gb,geforce 845m
geforce gtx 1050 ti gigabyte oc 4gb,geforce gtx 295
geforce gtx 1050 ti gigabyte d5 4gb,geforce gt 320m
geforce gtx 1050 ti gigabyte g1 gaming 4gb,geforce 7950 gx2
geforce gtx 1050 ti gainward 4gb,geforce gtx 460 x2
geforce gtx 1050 ti colorful igame u-4g 4gb,geforce 8600m gs
geforce gtx 1050 ti evga gaming 4gb,geforce gt 520
geforce gtx 1050 ti msi oc 4gb,quadro fx 1800
geforce gtx 1050 ti galax oc 4gb,geforce fx go5650
geforce gtx 1050 ti evga ssc gaming acx 3.0 4gb,geforce gtx 690
geforce gtx 1050 ti evga ftw dt gaming acx 3.0 4gb,geforce fx go5250
geforce gtx 1050 ti evga ftw gaming acx 3.0 4gb,geforce gt 710 oem
geforce gtx 1050 ti asus rog strix gaming oc 4gb,geforce4 go 4200
geforce gtx 1050 ti colorful igame s-4g 4gb,quadro plex 7000
geforce gtx 1050 ti evga sc gaming 4gb,quadro fx 580
geforce gtx 1050 ti asus expedition 4gb,geforce go 6150 + nforce go 430
geforce gtx 1050 palit stormx 2gb,quadro4 400 nvs pci
geforce gtx 1050 ti asus dual 4gb,quadro p520 mobile
geforce gtx 1050 ti 4gb,quadro k2000d
geforce gtx 1050 ti asus pheonix 4gb,geforce gts 260m
geforce gtx 1050 pny 2gb,geforce 9800m gts
geforce gtx 1050 msi oc t 2gb,geforce gtx 780 ti
geforce gtx 1050 msi gaming 2gb,tesla v100 dgxs 32 gb
geforce gtx 1050 msi oc 2gb,geforce 810a
geforce gtx 1050 msi gaming x 2gb,geforce gtx titan
geforce gtx 1050 kfa2 oc 2gb,quadro fx 370m
geforce gtx 1050 msi 2gb,quadro fx 5500
geforce gtx 1050 inno3d twin x2 2gb,tesla k20s
geforce gtx 1050 gigabyte oc 2gb,ion
geforce gtx 1050 gigabyte d5 2gb,geforce gt 755m mac edition
geforce gtx 1050 galax oc 2gb,quadro t1000 mobile
geforce gtx 1050 inno3d 2gb,geforce gt 545 oem
geforce gtx 1050 gigabyte windforce oc 2gb,titan rtx
geforce gtx 1050 gigabyte g1 gaming 2gb,geforce go 6600 te
geforce gtx 1050 galax exoc 2gb,geforce 9800m gts
geforce gtx 1050 ftw dt gaming acx 3.0 2gb,geforce 930mx
geforce gtx 1050 gainward 2gb,geforce 210 oem
geforce gtx 1050 evga ssc gaming acx 3.0 2gb,quadro p500 mobile
geforce gtx 1050 evga gaming 2gb,geforce 405 oem
geforce gtx 1050 colorful igame u-2g 2gb,geforce gtx 760 x2
geforce gtx 1050 evga sc gaming 2gb,geforce gtx 1650
geforce gtx 680 kfa2 ltd oc 2gb edition,geforce4 mx + nforce2
geforce gtx 1050,cmp 40hx
geforce gt 1030,quadro 2000m
geforce gtx 1050 evga ftw gaming acx 3.0 2gb,geforce 6150
geforce gtx 680 lightning edition,quadro nvs 510m
geforce gtx 680 gigabyte oc edition,geforce gtx 880m
geforce gtx 680 kfa2 2gb edition,geforce gtx 1050 ti mobile
geforce gtx 680 inno3d herculez 2000 4gb edition,geforce4 mx 440-8x
geforce gtx 680 gigabyte so 2gb edition,tesla x2070
geforce gtx 680 hydro copper edition ,geforce gt 520 pci
geforce gtx 680 galaxy edition,nvs 5200m
geforce gtx 680 galaxy 2gb soc edition,nvs 5400m
geforce gtx 680 galaxy 2gb oc edition,quadro fx 540
geforce gtx 680 ftw 4gb edition ,geforce gtx 1660 super
geforce gtx 680 gainward 2gb edition,a10g
geforce gtx 680 gigabyte oc 4gb edition,geforce gtx 1050
geforce gtx 680 evga sc signature 2 edition,geforce 320m
geforce gtx 680 exo 2gb edition,switch gpu 20nm
geforce gtx 680 evga sc edition,geforce gt 230 oem
geforce gtx 680 evga sc signature+ edition,tesla p6
geforce gtx 680 evga sc signature edition,geforce 705m
geforce gtx 680 evga classified edition,geforce gtx 1080 ti
geforce gtx 680 ex oc 4gb edition,geforce gt 330 oem
geforce gtx 680 asus directcu ii 4gb edition,grid k520q
geforce gtx 680,geforce gt 430
geforce gtx 670 zotac 4gb oc edition,geforce go 7700
geforce gtx 680 direct cu ii top,tesla c2075
geforce gtx 670 zotac amp edition,a100 pcie
geforce gtx 680 asus oc 2gb edition,quadro p3200 max-q
geforce gtx 670 sli,geforce gtx 675mx
geforce gtx 670 palit 2gb edition,geforce 6100
geforce gtx 670 sc 2gb edition,geforce 945m
geforce gtx 670 pny 2gb edition,geforce gt 420 oem
geforce gtx 670 jetstream 2gb edition,geforce4 mx 440
geforce gtx 670 gigabyte 3xwindforce 4gb edition,tesla k40t
geforce gtx 670 msi oc edition,geforce rtx 2070 mobile refresh
geforce gtx 670 gigabyte 3xwindforce edition,quadro p620
geforce gtx 670 gainward phantom edition,geforce2 pro
geforce gtx 670 gigabyte 2xwindforce edition,grid m60-1q
geforce gtx 670 galaxy gc 2gb edition,geforce 7600 gt mac edition
geforce gtx 670 sc+ 4gb edition,geforce gt 650m mac edition
geforce gtx 670 galaxy gc 4gb edition,geforce fx go5200 32m
geforce gtx 670 ftw 2gb,geforce 8800 gs
geforce gtx 670 ftw sig2 2gb edition,geforce 6200 agp
geforce gtx 670 evga ftw+ 4gb edition,geforce gtx 560m
geforce gtx 670 gainward 2gb edition,quadro fx 2800m
geforce gtx 670 msi power edition,geforce gtx 770m
geforce gtx 670 ftw 2gb le edition,quadro fx 3000g
geforce gtx 670 ftw 2gb edition sli,quadro fx 1700m
geforce gtx 670 directcu ii top edition,geforce gtx 1660 ti max-q
geforce gtx 670 evga 2gb edition,quadro fx 1300
geforce gtx 670 directcu ii oc edition,geforce go 6800 ultra
geforce gtx 670 directcu ii mini edition,geforce gt 610 pcie x1
geforce gtx 670 evga ftw+ 4gb edition sli,geforce gt 330 oem
geforce gtx 670 asus directcu ii 4gb edition,grid k120q
geforce gtx 670,quadro k5000 sync
geforce gtx 660 zotac synergy edition,p106-100
geforce gtx 660 zotac edition,geforce pcx 5900
geforce gtx 660 zotac amp edition,geforce 6600 gt
geforce gtx 660 v2,quadro k6000 sdi
geforce gtx 660 twin frozr oc edition sli,geforce 8200
geforce gtx 670 directcu ii edition,geforce gt 220 oem
geforce gtx 660 windforce 2x oc edition,geforce 8300 gs
geforce gtx 660 twin frozr edition,tesla v100 sxm3 32 gb
geforce gtx 660 twin frozr oc edition,geforce 9800m gs
geforce gtx 660 ti zotac edition,geforce gt 415 oem
geforce gtx 660 ti zotac amp extreme edition,geforce mx130
geforce gtx 660 ti zotac amp edition,geforce fx 5200
geforce gtx 660 ti windforce 2x oc edition,geforce gt 430 oem
geforce gtx 660 ti twin frozr 3gb edition,geforce gtx 460
geforce gtx 660 ti sc+ 3gb w/backplate,quadro k2200m
geforce gtx 660 ti sli,geforce gt 755m
geforce gtx 660 ti power oc edition,tesla p100 dgxs
geforce gtx 660 ti power edition,quadro 400
geforce gtx 660 ti pny edition ,geforce4 410 go
geforce gtx 660 ti power oc edition sli,geforce 9300m g
geforce gtx 660 ti msi gaming oc edition,geforce 6800 le
geforce gtx 660 ti kfa² ex oc 3gb edition,quadro nvs 140m
geforce gtx 660 ti msi oc v1 edition,geforce gtx 260
geforce gtx 660 ti kfa² ex oc 2gb edition,geforce gt 240
geforce gtx 660 ti inno3d edition,geforce gt 610
geforce gtx 660 ti jetstream edition,quadro fx 1700 mac edition
geforce gtx 660 ti gigabyte windforce 2x oc 2gb edition sli,quadro k4000m
geforce gtx 660 ti gc 3gb edition,tesla m2050
geforce gtx 660 ti gigabyte oc 3gb edition,geforce pcx 5300
geforce gtx 660 ti gainward edition,geforce gtx 1080 ti 10 gb
geforce gtx 660 ti gainward phantom edition,geforce rtx 3060
geforce gtx 660 ti ftw signature 2 edition,tesla m10
geforce gtx 660 ti gc 2gb edition,geforce 7025 + nforce 630a
geforce gtx 660 ti direct cu ii top edition,geforce gtx 760a
geforce gtx 660 ti asus dragon directcu ii top 2gb edition,geforce rtx 2060 mobile
geforce gtx 660 ti evga sc edition,quadro rtx 6000
geforce gtx 660 ti direct cu ii edition,geforce rtx 2070 super
geforce gtx 660 ti evga ftw edition,geforce 9600 gt mac edition
geforce gtx 660 ti 3-way sli,quadro k500m
geforce gtx 660 palit oc 2gb edition,geforce2 gts pro
geforce gtx 660 ti,tesla s870
geforce gtx 660 ti direct cu ii oc edition,geforce g103m
geforce gtx 660 ti colorful igame ares x 2gb edition,geforce 9500 gt rev. 2
geforce gtx 660 palit 2gb edition,geforce 705a
geforce gtx 660 msi gaming 2gb edition,ion
geforce gtx 660 msi oc 2gb edition,geforce 6150 se + nforce 430
geforce gtx 660 sli,quadro fx 3400
geforce gtx 660 golden sample edition,geforce4 ti 4200
geforce gtx 660 msi hawk 2gb edition,quadro nvs 150m
geforce gtx 660 inno3d edition,geforce 8400 se
geforce gtx 660 gigabyte oc 3gb edition,geforce 6800 gt
geforce gtx 660 gigabyte oc edition,geforce 6200 le pci
geforce gtx 660 gigabyte oc 2gb edition sli,geforce 9600 gso 512
geforce gtx 660 evga superclocked edition,quadro 500m
geforce gtx 660 evga sc signature 2 edition sli,geforce2 mx + nforce 420
geforce gtx 660 galaxy gc edition,geforce gtx 1650 ti mobile
geforce gtx 660 gainward 2gb edition,quadro fx 4800
geforce gtx 660 evga sc signature 2 edition,geforce 8100 + nforce 720a
geforce gtx 660 evga oc 2gb edition,tesla k20c
geforce gtx 660 evga ftw signature 2 3gb edition,geforce gt 730m
geforce gtx 660 evga ftw signature 2 edition,geforce 7900 gs
geforce gtx 660 direct cu ii top edition,geforce gt 140 oem
geforce gtx 660 direct cu ii oc edition,quadro k4100m
geforce gtx 660 direct cu ii edition,geforce gt 750m mac edition
geforce gtx 650 zotac synergy 2gb edition,geforce 800a
geforce gtx 660 3gb (oem),geforce gtx 280m
geforce gtx 660 1.5gb (oem),quadro fx 3600m
geforce gtx 650 ti zotac boost edition,quadro rtx 8000
geforce gtx 650 ti zotac synergy 2gb edition,geforce 9600m gs
geforce gtx 660,geforce gt 645m
geforce gtx 650 zotac amp! edition,geforce gtx 850a
geforce gtx 650 ti zotac amp! 2gb,geforce4 ti 4800 se
geforce gtx 650 zotac oc 1gb edition,quadro fx 380m
geforce gtx 660 da oc 2gb edition,quadro fx 4500
geforce gtx 650 ti zotac 1gb edition,geforce fx 5500 pci
geforce gtx 650 ti zotac 2gb edition,geforce 9400 gt
geforce gtx 650 ti power edition oc 1gb,geforce 8800 gts core 112
geforce gtx 650 ti msi tf oc boost edition,quadro rtx 8000 passive
geforce gtx 650 ti windforce 2x 1gb edition,tesla c1060
geforce gtx 650 ti msi 1gb edition,quadro 4000 mac edition
geforce gtx 650 ti msi oc 1gb edition,geforce rtx 2080
geforce gtx 650 ti windforce 2x 2gb edition,geforce 6100 + nforce 405
geforce gtx 650 ti golden sample edition,geforce 6200 le agp
geforce gtx 650 ti evga ssc 2gb edition,geforce 7800 gtx 512
geforce gtx 650 ti gainward 2gb edition,geforce gtx 1050 mobile 3 gb
geforce gtx 650 ti palit 1gb oc edition,geforce gt 650m
geforce gtx 650 ti galaxy gc edition,grid k220q
geforce gtx 650 ti gainward 1gb edition,grid k240q
geforce gtx 650 ti evga ssc 1gb edition,geforce gtx 1650 max-q
geforce gtx 650 ti evga boost sc edition,geforce gtx 1070
geforce gtx 650 ti directcu ii oc 2gb,geforce 930a
geforce gtx 650 ti evga boost superclocked 1gb edition,geforce gt 705 oem
geforce gtx 650 ti directcu ii 1gb edition,grid m10-8q
geforce gtx 650 ti boost palit oc 2gb edition,geforce go 6800
geforce gtx 650 ti directcu ii oc 1gb,ion 2
geforce gtx 650 ti directcu ii top 1gb,grid k2
geforce gtx 650 ti boost palit 1gb edition,quadro fx go540
geforce gtx 650 ti boost golden sample edition,geforce gt 130 oem
geforce gtx 650 ti boost msi oc 2gb edition,geforce gtx 560 ti 448
geforce gtx 650 ti boost windforce 2x oc edition,geforce gt 640m mac edition
geforce gtx 650 ti boost msi twin frozr oc 2gb edition,geforce gt 555m
geforce gtx 650 ti asus ph 1gb edition,nvs 315
geforce gtx 650 ti boost edition,geforce gtx 960m
geforce gtx 650 ti boost edition sli,geforce 7800 gt dual
geforce gtx 650 ti,geforce 7600 gs agp
geforce gtx 650 ti boost directcu ii oc edition,geforce gtx 1070 max-q
geforce gtx 650 pny xlr8 performance 1gb edition,geforce gts 250
geforce gtx 650 power edition oc 1gb,geforce gtx 650 ti oem
geforce gtx 650 pny xlr8 performance 2gb edition,nvs 1000
geforce gtx 650 palit 1gb edition,geforce fx 5700 ve
geforce gtx 650 msi oc v1 1gb edition,quadro fx 550m
geforce gtx 650 msi oc 2gb edition,quadro t2000 max-q
geforce gtx 650 palit 2gb edition,geforce gtx 860m
geforce gtx 650 msi oc 1gb,geforce g210 oem
geforce gtx 650 power edition 1gb,geforce 7900 gx2
geforce gtx 650 gigabyte oc 4gb edition,geforce 6600 le
geforce gtx 650 msi 1gb,geforce gts 450 rev. 2
geforce gtx 650 inno3d 1gb edition,grid m60-4a
geforce gtx 650 galaxy green edition,quadro k200m
geforce gtx 650 ex oc 1gb,geforce3 ti500
geforce gtx 650 gigabyte oc 2gb edition,geforce gt 320 oem
geforce gtx 650 evga 1gb edition,grid k340
geforce gtx 650 leadtek 1gb oc edition,geforce go 7450
geforce gtx 650 gigabyte oc 1gb edition,p104-100
geforce gtx 650 evga sc 2gb edition,geforce gt 610 oem
geforce gtx 650 galaxy gc edition,quadro 5000
geforce gtx 650 evga sc 1gb edition,tesla p100 sxm2
geforce gtx 650 asus-e 2gb edition,geforce gt 420m
geforce gtx 650 directcu top 1gb edition,geforce fx 5700
geforce gtx 650 2gb,quadro 6000 sdi
geforce gtx 650 asus-e 1gb edition,geforce 940m
geforce gtx 650 1gb,geforce gt 640 oem rebrand
geforce gt 640 zotac zone 2gb edition,nvs 4200m
geforce gt 640 v3 zotac 1gb edition,geforce rtx 3060 mobile
geforce gt 640 v3 zotac 2gb edition,geforce gt 730a
geforce gt 640 v3 asus low profile 1gb edition,geforce 830m
geforce gt 640 v2,quadro m2200 mobile
geforce gt 640 msi v1 2gb edition,geforce2 gts
geforce gt 640 v3,geforce 820m
geforce gt 640 zotac synergy 2gb edition,geforce 7800 gs+ agp
geforce gtx 645 (oem),geforce 8600m gt
geforce gt 640 gigabyte oc 2gb edition,geforce rtx 2070 max-q refresh
geforce gt 640 galaxy gc 1gb edition,geforce 9800 gx2
geforce gt 640 evga 4gb edition,geforce gtx 460 se v2
geforce gt 640,geforce2 mx dh pro tv pci
geforce gt 640 asus 2gb edition,quadro nvs 295
geforce gt 630 zotac synergy 1gb edition,geforce go 6600
geforce gt 630 v3 zotac zone 4gb edition,geforce 9400
geforce gt 635 (oem),geforce4 ti 4600
geforce gt 630 v4,tesla m2075
geforce gt 630 v2,playstation 3 gpu 65nm
geforce gt 630 v3 asus silent 2gb edition,quadro k1000m
geforce gt 630 zotac synergy 2gb edition,quadro m6000
geforce gt 630 palit 1gb edition,quadro t500 mobile
geforce gt 630 msi 4gb edition,geforce4 mx 440-se
geforce gt 630 gigabyte 2gb edition,geforce gtx 480 core 512
geforce gt 630 v3,geforce 920a
geforce gt 630 zotac synergy 4gb edition,geforce go 7800 gtx
geforce gt 630 evga 1gb edition,geforce gtx 775m mac edition
geforce gt 630 palit 2gb edition,geforce 9200m gs
geforce gt 620 zotac synergy 2gb edition,geforce fx go5200
geforce gt 620 galaxy 2gb edition,tesla v100 pcie 16 gb
geforce gt 620 v2,geforce gt 740 oem
geforce gt 620 pny pcie 1gb edition,quadro4 100 nvs pci
geforce gt 630,geforce 210 pci
geforce gt 610 msi low profile 2gb edition,vanta lt
geforce gt 610 zotac 2gb synergy edition,quadro k2000
geforce gt 610 palit 2gb edition,quadro fx 3000
geforce gt 620,quadro fx 560
geforce gt 610 gigabyte 2gb edition,quadro fx 370
geforce gt 610 asus silent 2gb edition,playstation 3 gpu 40nm
geforce gt 610 v2,geforce mx230
geforce 605 512mb,geforce gt 435m
geforce gt 610,geforce 6200 le agp 512 mb
geforce 605 1gb,nvs 5100m
geforce 3 ti 200,quadro fx 1100
geforce gtx 285 sli,grid rtx t10-4
geforce gtx 295,geforce gt 440
geforce gtx 285,geforce gtx 1650 tu116
geforce gtx 275,tesla pg503-216
geforce gtx 295 asus mars rog 4gb edition,geforce 9400
geforce gtx 280,geforce gt 435m
geforce gtx 275 sli,quadro m6000 24 gb
geforce 3,geforce g210m
geforce gtx 260 v3 zotac amp²! 896mb edition,geforce gtx 770
geforce gtx 260 v3 palit sonic platinum 896mb edition,quadro rtx 5000 mobile refresh
geforce gtx 260 v4,quadro fx 360m
geforce gtx 260 v3 gainward gs 896mb edition,geforce rtx 3080
geforce gtx 260 v3 msi oc v4 896mb edition,geforce gtx 1660
geforce gtx 260 v3,quadro fx 1600m
geforce gts 250 zotac eco 1gb edition,quadro plex 1000 model ii
geforce gtx 260,geforce 9400 gt pci
geforce gtx 260 v2,geforce gtx 760 ti oem rebrand
geforce gts 250 xfx core 1gb edition,geforce gt 630 oem
geforce gts 250 v2,geforce gtx 590
geforce gts 250 v2 gainward deep green 512mb edition,quadro m620 mobile
geforce gtx 285 3-way sli,geforce gtx 660 oem
geforce gts 250,geforce 9600m gt
geforce gts 240,geforce 610
geforce gt 220,quadro k5000 mac edition
geforce gt 230 v2,geforce gt 625 oem
geforce gt 220 v3,quadro p600 mobile
geforce gt 220 v2 galaxy 1gb edition,geforce fx 5900 xt
geforce gt 230,quadro nvs 120m
geforce gt 220 v2 msi 1gb edition,geforce 6200 x2 pci
geforce gt 220 v2,a30 pcie
geforce 205,geforce 9300 ge
geforce 210 1gb,geforce gtx 460m
geforce gtx 480 point of view edition,grid k180q
geforce 210,geforce4 ti 4400
geforce gtx 480 3-way sli,quadro fx 770m
geforce gt 240,geforce gt 220m
geforce gtx 470 sli,geforce gt 710m
geforce gtx 470 gigabyte soc 1.2gb edition,geforce gt 635 oem
geforce gtx 480 msi lightning edition,geforce gtx 950
geforce gtx 480,geforce gtx 1660 ti
geforce gtx 470,geforce gtx 965m
geforce gtx 465 msi m2 edition,quadro rtx 5000 max-q
geforce gtx 470 golden sample edition,geforce 9500 gt mac edition
geforce gtx 460 v2,geforce gtx 750
geforce gtx 465,geforce gt 630
geforce gtx 460 sli,quadro fx 1500
geforce gtx 460 point of view tgt beast 1gb edition,geforce gt 630m
geforce gtx 460 se,geforce 505 oem
geforce gtx 460 msi oc v1 1gb edition,geforce gt 445m
geforce gtx 460 palit sonic 1gb edition,geforce gtx 1650 super
geforce gtx 460 msi hawk v2 1gb edition,geforce gtx 1060 8 gb gddr5x
geforce gtx 460 pny 1gb oc edition,quadro 410
geforce gtx 460 msi oc v2 1gb edition,geforce gtx 1650 mobile
geforce gtx 460 msi hawk v1 1gb edition,quadro k4000
geforce gtx 460 gainward golden sample 2gb edition,geforce 940m
geforce gtx 460 gigabyte oc 1gb edition,quadro k620
geforce gtx 460 gainward gs 1gb edition,quadro fx 3450
geforce gtx 460 asus directcu top 1gb edition,geforce 8400 gs pci rev. 2
geforce gtx 460 evga superclocked 1gb edition,geforce 7050 + nforce 630a
geforce gtx 460 asus directcu ii 1gb edition,quadro fx 330
geforce gts 450 v4 point of view 1gb edition,geforce gtx 780 ti 6 gb
geforce gtx 460 768mb,quadro fx 2000
geforce gts 450 v4 gainward 1gb edition,quadro fx 1700
geforce gts 450 v4 asus directcu silent 1gb edition,geforce 8400m g
geforce gts 450 v4 palit 1gb edition,geforce gt 640 rev. 2
geforce gts 450 v4,grid k540q
geforce gts 450 v4 asus 1gb edition,geforce gt 710
geforce gts 450 v2,geforce 9400 gt rev. 2
geforce gts 450 v3,geforce 6800 ultra
geforce gts 450 palit sonic platinum 1gb edition,geforce 9500 gt
geforce gts 450 point of view 1gb edition,geforce 7150m + nforce 630m
geforce gts 450 pny xlr8 performance 1gb edition,quadro rtx 4000 mobile
geforce gts 450 msi cyclone 1gb edition,jetson tx2 gpu
geforce gts 450 gigabyte oc 1gb edition,geforce gt 240m
geforce gts 450 galaxy gc 1gb edition,geforce gtx 1080 mobile
geforce gts 450 gainward 1gb edition,geforce 6800 xe
geforce gts 450 evga ftw 1gb edition,geforce gt 635m
geforce gts 450 evga superclocked 1gb edition,geforce rtx 3060 ti
geforce gts 450 evga 1gb edition,geforce gt 730
geforce gts 450 asus directcu 1gb edition,geforce gtx 465
geforce gts 450 asus directcu oc 1gb edition,geforce 9600 gtx
geforce gt 440 zotac 1gb edition,tesla pg500-216
geforce gts 450,quadro nvs 50 pci
geforce gts 450 asus directcu top 1gb edition,geforce gtx 460 v2 es
geforce gt 440 v2 inno3d 2gb edition,geforce 8600 gt mac edition
geforce gt 440 v3,tegra 4 gpu
geforce gt 440 v2 gigabyte oc 1gb edition,geforce gtx 750 ti oem
geforce gt 440 v2 zotac synergy 2gb edition,quadro4 700 xgl
geforce gt 440 palit 1gb edition,geforce gtx 490
geforce gt 440 gigabyte turbo cache 1gb edition,geforce 9500 gs
geforce gtx 460,geforce 7900 gs agp
geforce gt 440 gainward 1gb edition,geforce 8600 gs
geforce gt 440 asus 1gb edition,geforce gts 250m
geforce gt 440 v2,quadro nvs 290
geforce gt 440,geforce gtx 275
geforce gt 430 zotac synergy 2gb edition,geforce gt 710
geforce gt 430 zotac synergy 4gb edition,quadro fx 3600m
geforce gt 430 v2,geforce 9600 gt
geforce gt 430 msi oc 2gb edition,geforce gtx 670m
geforce gt 430 msi low profile single fan oc 1gb edition,geforce2 mx 400 pci
geforce gt 430 msi low profile dual fan oc 1gb edition,quadro plex 2100 s4
geforce gt 430 gainward 1gb edition,geforce4 420 go
geforce gt 430 inno3d 4gb edition,geforce gt 635m
geforce gt 430 gigabyte oc 1gb edition,quadro fx 550
geforce gt 430 evga 1gb edition,geforce 845m
geforce gt 430 axle 2gb edition,geforce gtx 1070 gddr5x
geforce 405,geforce4 ti 4200-8x
geforce gt 420,geforce gts 450 oem
geforce gt 420 gigabyte rev. 3.0 2gb edition,geforce rtx 3050 ti max-q
geforce gt 430,geforce 940mx
geforce gtx 590 evga classified hydro copper edition,geforce gtx 580m
geforce gtx 590 mars ii asus edition,geforce gtx 1050 mobile
geforce gtx 590 sli,geforce gt 720
geforce gtx 590,geforce rtx 3070 max-q
geforce gtx 590 evga classified edition,tesla k8
geforce gtx 580 zotac amp! edition,geforce 800m
geforce gtx 580 twin frozr ii oc edition,geforce4 mx 440 mac edition
geforce gtx 580 sli,quadro fx 570
geforce gtx 580 palit dual fan 3gb edition,geforce gtx 650
geforce gtx 580 lightning xtreme edition,geforce gtx 1070 mobile
geforce gtx 580 gigabyte ud rev 1.0 edition,geforce go 7950 gtx
geforce gtx 580 galaxy edition,geforce gt 330 oem
geforce gtx 580 gainward phantom 3gb,geforce go 6600 npb 128m
geforce gtx 580 gainward good edition,geforce g105m
geforce gtx 580 evga superclocked edition,quadro k3100m
geforce gtx 580 evga ftw hydro copper 2 1.5gb edition,geforce gts 240 oem
geforce gtx 580 evga cod black ops 1.5gb edition,tesla v100 sxm2 16 gb
geforce gtx 580 asus directcu ii edition,geforce gt 440 mac edition
geforce gtx 580 cuhc 3gb,quadro m1200 mobile
geforce gtx 580 evga ds superclocked 1.5gb edition,geforce gtx 1050 max-q
geforce gtx 580 asus matrix edition,geforce gt 610 oem
geforce gtx 580 evga classified ultra 3gb edition,quadro m2000
geforce gtx 580,quadro rtx 6000 mobile
geforce gtx 570 sonic edition,geforce 9800m gtx
geforce gtx 580 evga 3gb edition,quadro dcc
geforce gtx 570 sp edition ,geforce 6600
geforce gtx 570 sli,quadro nvs 280 sd
geforce gtx 570 msi power edition,tesla m40
geforce gtx 570 msi oc power edition,geforce gtx 650 ti boost
geforce gtx 570 gs-glh edition,quadro nvs 55 pci
geforce gtx 570 gigabyte so edition,quadro 5010m
geforce gtx 570 gigabyte edition,geforce gtx 485m
geforce gtx 570 evga sc edition,geforce gtx 1060 max-q
geforce gtx 570 gainward phantom edition,titan xp
geforce gtx 570 direct cu ii edition,geforce rtx 3080 ti
geforce gtx 570 gainward golden sample 1.2gb edition,tesla m1060
geforce gtx 570,quadro fx 380
geforce gtx 560 zotac amp! 1gb edition,quadro nvs 285
geforce gtx 560 zotac 1gb edition,geforce fx go5200 npb 64m
geforce gtx 570 evga hd 2.5gb edition,quadro fx 3700m
geforce gtx 560 ti zotac oc edition,geforce gtx 670
geforce gtx 560 ti zotac amp! 1gb edition,tegra 4i gpu
geforce gtx 560 ti twin frozr ii/oc 2gb,geforce 505 oem
geforce gtx 560 ti twin frozr ii 2gb,geforce 405 oem
geforce gtx 560 ti superclocked edition,quadro nvs 130m
geforce gtx 560 ti sonic 1gb edition,quadro4 980 xgl
geforce gtx 560 ti sli,geforce gtx 285m
geforce gtx 560 ti inno3d oc edition,geforce 9400
geforce gtx 560 ti twin frozr ii oc edition,nvs 310
geforce gtx 560 ti phantom 1gb edition,quadro p4000
geforce gtx 560 ti pny oc2 1gb,geforce gt 620m
geforce gtx 560 ti hawk edition,tesla k80
geforce gtx 560 ti gigabyte oc 1gb edition,geforce gtx 560
geforce gtx 560 ti golden sample edition,ion
geforce gtx 560 ti evga 2gb edition,geforce g205m
geforce gtx 560 ti superclocked ds edition,geforce gtx 760 oem rebrand
geforce gtx 560 ti directcuii top 2gb,quadro plex 2200 d2
geforce gtx 560 ti soc edition,geforce gtx 1050 ti max-q
geforce gtx 560 ti directcuii top 1gb,quadro fx 350
geforce gtx 560 ti gainward phantom 2gb edition,geforce gtx 1650 mobile
geforce gtx 560 ti directcuii 1gb,geforce2 mx 400
geforce gtx 560 ti directcuii 2gb,geforce gtx 980mx
geforce gtx 560 ti crysis 2 maximum edition,a40 pcie
geforce gtx 560 ti amp,quadro nvs 420
geforce gtx 560 sparkle calibe df 1gb edition,geforce gt 120 mac edition
geforce gtx 560 ti,geforce 7300 gt
geforce gtx 560 ti 448 edition ,geforce gt 820m
geforce gtx 560 se (oem),geforce gt 545
geforce gtx 560 ti 448 msi twin frozr iii power oc 1.2gb edition,geforce 620m
geforce gtx 560 gigabyte windforce 2x rev 3.0 1gb edition,geforce 8800 gt
geforce gtx 560 palit 2gb edition,tesla m4
geforce gtx 560 msi twinfrozr ii oc 1gb edition,quadro nvs 110m
geforce gtx 560 gigabyte windforce 2x rev 2.0 1gb edition,geforce gtx 1650 ti max-q
geforce gtx 560 gigabyte windforce 2x rev 1.0 1gb edition,geforce gtx 650
geforce gtx 560 galaxy gc 2gb edition,geforce gt 430 pci
geforce gtx 560 sli,geforce 6800 xt
geforce gtx 560 evga superclocked 2gb edition,geforce gtx 680
geforce gtx 560 gainward phantom 1gb edition,quadro rtx 5000 mobile
geforce gtx 560 evga ftw+ 1gb edition,grid k520
geforce gtx 560 evga superclocked 1gb edition,quadro fx 700
geforce gtx 560 evga ds ssc 1gb edition,grid m40
geforce gtx 560 club3d coolstream super oc 1gb edition,quadro fx 3800
geforce gtx 560 asus directcu ii top 1gb edition,quadro p2000 mobile
geforce gtx 560 evga 1gb edition,cmp 50hx
geforce gtx 560 asus directcu ii oc 1gb edition,geforce 7800 gs+ 24pipes agp
geforce gtx 560 (oem),geforce gt 550m
geforce gtx 560 ecs black 1gb edition,geforce rtx 3070
geforce gtx 560 asus directcu 1gb edition,geforce gt 730m
geforce gtx 560 gainward golden sample 1gb edition,quadro t400 mobile
geforce gtx 555 (oem),geforce fx go5600
geforce gtx 560,geforce fx go5350
geforce gtx 550 ti zotac amp! edition,quadro p1000
geforce gtx 550 ti windforce edition,geforce 310m
geforce gtx 550 ti sli,quadro nvs 320m
geforce gtx 550 ti zotac edition,geforce 320m mac edition
geforce gtx 550 ti palit edition,geforce gt 745m
geforce gtx 550 ti m2d1 oc edition,ion
geforce gtx 550 ti directcu top edition,quadro 6000
geforce gtx 550 ti sonic edition,geforce 940a
geforce gtx 550 ti gigabyte oc edition,geforce 7350 le
geforce gtx 550 ti fpb,quadro m5000m
geforce gtx 550 ti gainward edition,geforce 9400m
geforce gtx 550 ti evga sc edition,geforce 405m
geforce gtx 550 ti directcu edition,geforce 940a
geforce gtx 550 ti golden sample edition,tesla s2050
geforce gtx 550 ti evga 2gb edition,geforce 6150 le
geforce gtx 550 ti cyclone ii oc edition,quadro k100m
geforce gtx 550 ti asus m2d1 edition,geforce gts 160m
geforce gtx 550 ti asus edition sli,quadro4 380 xgl
geforce gtx 550 ti asus edition,geforce gtx 650 ti
geforce gtx 550 ti,geforce 6800 gs
geforce gt 545 3gb,geforce rtx 2060 mobile refresh
geforce gt 545 1.5gb,geforce 6800 ultra ddl
geforce gt 520 zotac synergy 1gb edition,tegra 3 gpu
geforce gt 545 (oem),playstation 3 gpu 28nm
geforce gt 520 v4,geforce fx go5100
geforce gt 520 v3,quadro 3000m
geforce gt 520 gigabyte 1gb edition,geforce gt 320m
geforce gt 530,geforce fx 5200
geforce gt 520 v2,geforce 9300 se
geforce gt 520,
geforce gt 520 asus silent low profile 2gb edition,
geforce gtx 980 zotac amp! omega 4gb edition,
geforce gt 520 asus silent low profile 1gb edition,
geforce gtx 980 zotac amp! extreme 4gb edition sli,
geforce gt 520 gainward silentfx 1gb edition,
geforce gtx 980 zotac amp! extreme 4gb edition,
geforce gtx 980 zotac 4gb edition,
geforce gtx 980 zotac amp! 4gb edition,
geforce 510,
geforce gtx 980 ti zotac arcticstorm 6gb edition,
geforce gtx 980 ti zotac amp! 6gb edition,
geforce gtx 980 ti zotac amp! extreme 6gb edition sli,
geforce gtx 980 ti zotac amp! extreme 6gb edition,
geforce gtx 980 ti zotac 6gb edition,
geforce gtx 980 ti pny xlr8 oc 6gb edition,
geforce gtx 980 ti palit super jetstream 6gb edition,
geforce gtx 980 ti palit jetstream 6gb edition,
geforce gtx 980 ti palit 6gb edition,
geforce gtx 980 ti msi gaming golden 6gb edition,
geforce gtx 980 ti msi sea hawk 6gb edition,
geforce gtx 980 ti msi 6gb edition,
geforce gtx 980 ti msi gaming 6gb edition sli,
geforce gtx 980 ti msi lightning 6gb edition,
geforce gtx 980 ti msi armor 2x oc 6gb edition,
geforce gtx 980 ti inno3d ichill x4 ultra 6gb edition,
geforce gtx 980 ti inno3d ichill x3 ultra 6gb edition,
geforce gtx 980 ti gigabyte xtreme water 6gb edition,
geforce gtx 980 ti msi gaming 6gb edition,
geforce gtx 980 ti inno3d ichill black 6gb edition,
geforce gtx 980 ti gigabyte xtreme 6gb edition,
geforce gtx 980 ti gigabyte g1 gaming 6gb edition,
geforce gtx 980 ti gigabyte 6gb edition,
geforce gtx 980 ti gigabyte windforce 3x oc 6gb edition,
geforce gtx 980 ti gigabyte g1 gaming 6gb edition sli,
geforce gtx 980 ti galax hof watercooled 6gb edition,
geforce gtx 980 ti gigabyte 6gb edition sli,
geforce gtx 980 ti evga superclocked+ acx 2.0+ 6gb edition,
geforce gtx 980 ti galax hof 6gb edition,
geforce gtx 980 ti evga superclocked acx 2.0+ 6gb edition sli,
geforce gtx 980 ti evga superclocked acx 2.0+ 6gb edition,
geforce gtx 980 ti evga superclocked 6gb edition,
geforce gtx 980 ti evga hydro copper 6gb edition,
geforce gtx 980 ti evga classified acx 2.0+ 6gb edition sli,
geforce gtx 980 ti galax hof ln2 6gb edition,
geforce gtx 980 ti evga kingpin 6gb edition,
geforce gtx 980 ti evga hybrid 6gb edition,
geforce gtx 980 ti evga ftw acx 2.0+ 6gb edition,
geforce gtx 980 ti evga acx 2.0+ 6gb edition,
geforce gtx 980 ti asus directcu iii oc strix gaming 6gb edition,
geforce gtx 980 ti evga classified acx 2.0+ 6gb edition,
geforce gtx 980 ti evga 6gb edition,
geforce gtx 980 ti asus 6gb edition,
geforce gtx 980 point of view 4gb edition,
geforce gtx 980 ti asus directcu iii oc strix gaming 6gb sli,
geforce gtx 980 ti 6gb sli,
geforce gtx 980 pny xlr8 pro oc 4gb edition,
geforce gtx 980 palit trio 4gb edition,
geforce gtx 980 ti 6gb,
geforce gtx 980 palit super jetstream 4gb edition,
geforce gtx 980 pny 4gb edition,
geforce gtx 980 palit jetstream 4gb edition,
geforce gtx 980 palit 4gb edition,
geforce gtx 980 msi oc v1 4gb edition,
geforce gtx 980 msi gaming 4gb edition sli,
geforce gtx 980 msi gaming 4gb edition 3-way sli,
geforce gtx 980 msi armor 2x oc 4gb edition,
geforce gtx 980 msi gaming 4gb edition,
geforce gtx 980 leadtek winfast hurricane 4gb edition,
geforce gtx 980 leadtek winfast 4gb edition,
geforce gtx 980 inno3d ichill herculez x4 abu 4gb edition,
geforce gtx 980 msi 4gb edition,
geforce gtx 980 gigabyte xtreme 4gb edition,
geforce gtx 980 inno3d 4gb edition,
geforce gtx 980 inno3d ichill herculez x4 air 4gb edition,
geforce gtx 980 gigabyte g1 gaming 4gb edition sli,
geforce gtx 980 gigabyte windforce 3x 4gb edition,
geforce gtx 980 gigabyte g1 gaming 4gb edition,
geforce gtx 980 galax 4gb edition,
geforce gtx 980 evga superclocked 4gb edition sli,
geforce gtx 980 evga superclocked acx 2.0 4gb edition sli,
geforce gtx 980 galax soc 4gb edition,
geforce gtx 980 gainward 4gb edition,
geforce gtx 980 galax hof 4gb edition,
geforce gtx 980 evga superclocked acx 2.0 4gb edition,
geforce gtx 980 evga hydro copper 4gb edition,
geforce gtx 980 evga superclocked 4gb edition,
geforce gtx 980 evga ftw acx 2.0 4gb edition,
geforce gtx 980 evga hybrid 4gb edition,
geforce gtx 980 evga 4gb edition,
geforce gtx 980 asus strix oc 4gb edition sli,
geforce gtx 980 evga acx 2.0 4gb edition,
geforce gtx 980 evga classified acx 2.0 4gb edition,
geforce gtx 980 evga classified kingpin acx 2.0+ 4gb edition,
geforce gtx 980 asus strix oc 4gb edition,
geforce gtx 980 asus rog matrix platinum 4gb edition sli,
geforce gtx 980 evga classified acx 2.0 4gb edition sli,
geforce gtx 980 asus 4gb edition,
geforce gtx 980 4gb sli,
geforce gtx 980 4gb 3-way sli,
geforce gtx 980 4gb,
geforce gtx 970 zotac amp! extreme core 4gb edition sli,
geforce gtx 970 zotac amp! omega 4gb edition,
geforce gtx 970 zotac amp! omega core 4gb edition,
geforce gtx 970 zotac amp! extreme core 4gb edition,
geforce gtx 970 zotac amp! extreme 4gb edition,
geforce gtx 980 asus rog poseidon 4gb edition,
geforce gtx 980 asus rog matrix gold 4gb edition,
geforce gtx 970 zotac 4gb edition sli,
geforce gtx 970 pny 4gb edition,
geforce gtx 970 zotac amp! extreme 4gb edition sli,
geforce gtx 970 point of view 4gb edition,
geforce gtx 970 palit 4gb edition,
geforce gtx 970 palit jetstream 4gb edition,
geforce gtx 970 msi gaming 100 me 4gb edition sli,
geforce gtx 970 msi gaming 4gb edition,
geforce gtx 970 msi gaming 4gb edition sli,
geforce gtx 970 zotac 4gb edition,
geforce gtx 970 msi gaming 100 me 4gb edition,
geforce gtx 970 msi armor 2x oc 4gb edition,
geforce gtx 980 asus rog matrix platinum 4gb edition,
geforce gtx 970 msi oc 4gb edition,
geforce gtx 970 leadtek winfast hurricane 4gb edition,
geforce gtx 970 msi gaming golden 4gb edition,
geforce gtx 970 leadtek winfast 4gb edition,
geforce gtx 970 inno3d ichill herculez x4 abu 4gb edition,
geforce gtx 970 inno3d herculez x2 oc 4gb edition,
geforce gtx 970 kfa2 exoc sniper 4gb edition,
geforce gtx 970 gigabyte windforce 3x oc 4gb edition,
geforce gtx 970 galax oc 4gb edition,
geforce gtx 970 gigabyte twin turbo oc 4gb edition,
geforce gtx 970 gigabyte g1 gaming 4gb edition sli,
geforce gtx 970 gigabyte mini-itx oc 4gb edition,
geforce gtx 970 gigabyte g1 gaming 4gb edition,
geforce gtx 970 galax exoc 4gb black edition,
geforce gtx 970 galax hof 4gb edition,
geforce gtx 970 gigabyte xtreme 4gb edition,
geforce gtx 970 galax exoc 4gb black edition sli,
geforce gtx 970 gainward phantom phoenix 4gb edition,
geforce gtx 970 gainward phantom 4gb edition,
geforce gtx 970 evga superclocked acx 2.0 4gb edition sli,
geforce gtx 970 evga superclocked acx 2.0 4gb edition,
geforce gtx 970 evga ssc acx+ 2.0 4gb edition sli,
geforce gtx 970 evga ssc acx 2.0 4gb edition sli,
geforce gtx 970 evga superclocked 4gb edition,
geforce gtx 970 evga ssc acx+ 2.0 4gb edition,
geforce gtx 970 evga ftw+ acx 2.0+ 4gb edition,
geforce gtx 970 evga ftw+ acx 2.0+ 4gb edition sli,
geforce gtx 970 evga ssc acx 2.0 4gb edition,
geforce gtx 970 evga superclocked acx 4gb edition,
geforce gtx 970 asus turbo oc 4gb edition,
geforce gtx 970 evga acx 4gb edition,
geforce gtx 970 asus strix oc 4gb edition sli,
geforce gtx 970 evga acx 2.0 4gb edition,
geforce gtx 970 asus strix oc 4gb edition,
geforce gtx 970 evga ftw acx 2.0 4gb edition sli,
geforce gtx 970 evga ftw acx 2.0 4gb edition,
geforce gtx 970 evga 4gb edition,
geforce gtx 970 4gb sli,
geforce gtx 970 asus directcu mini oc 4gb edition,
geforce gtx 960 zotac v2 2gb edition,
geforce gtx 960 zotac amp! v2 2gb edition,
geforce gtx 970 4gb,
geforce gtx 960 zotac 2gb edition,
geforce gtx 960 zotac amp! 2gb edition,
geforce gtx 960 zotac 4gb edition,
geforce gtx 960 ti 2gb [not released],
geforce gtx 960 point of view ammo oc 2gb edition,
geforce gtx 960 zotac amp! 4gb edition,
geforce gtx 960 ti 4gb [not released],
geforce gtx 960 pny 2gb edition,
geforce gtx 960 palit super jetstream 2gb edition,
geforce gtx 960 palit jetstream 4gb edition,
geforce gtx 960 pny xlr8 4gb edition,
geforce gtx 960 palit jetstream 2gb edition,
geforce gtx 960 palit 2gb edition,
geforce gtx 960 msi oc 2gb edition,
geforce gtx 960 msi gaming 4gb edition sli,
geforce gtx 960 msi gaming 2gb edition,
geforce gtx 960 msi gaming 4gb edition,
geforce gtx 960 msi tiger oc 4gb edition,
geforce gtx 960 msi 2gb edition,
geforce gtx 780 zotac oc edition,
geforce gtx 780 zotac oc edition sli,
geforce gtx 960 inno3d herculez x3 air boss ultra 2gb edition,
geforce gtx 960 inno3d herculez 2x oc 4gb edition,
geforce gtx 960 msi gaming 100me 2gb edition,
geforce gtx 780 zotac amp! edition,
geforce gtx 780 windforce 3x oc edition,
geforce gtx 780 ti windforce 3x oc edition,
geforce gtx 780 ti zotac amp! edition,
geforce gtx 780 ti palit jetstream edition,
geforce gtx 780 ti sli,
geforce gtx 780 ti msi gaming 3gb edition,
geforce gtx 780 ti gigabyte ghz edition,
geforce gtx 780 ti pny xlr8 enthusiast oc edition,
geforce gtx 780 ti galaxy hof+ edition,
geforce gtx 780 ti gainward phantom edition,
geforce gtx 780 ti herculez x3 ultra edition,
geforce gtx 780 ti evga superclocked w/ acx edition,
geforce gtx 780 ti evga classified kingpin edition,
geforce gtx 780 ti evga dc w/ acx edition,
geforce gtx 780 ti evga superclocked edition,
geforce gtx 780 ti directcu ii oc edition,
geforce gtx 780 ti,
geforce gtx 780 palit super jetstream edition,
geforce gtx 780 ti asus rog matrix platinum edition,
geforce gtx 960 inno3d herculez 1x 4gb edition,
geforce gtx 960 gigabyte windforce 2x oc 4gb edition,
geforce gtx 960 inno3d herculez 2x oc 2gb edition,
geforce gtx 960 inno3d herculez 1x 2gb edition,
geforce gtx 780 sli,
geforce gtx 960 gigabyte oc 2gb edition,
geforce gtx 960 gigabyte ix oc 2gb edition,
geforce gtx 960 gigabyte g1 gaming 2gb edition,
geforce gtx 960 gigabyte windforce 2x oc 2gb edition,
geforce gtx 960 galax oc 2gb edition,
geforce gtx 960 galax kfa2 exoc 4gb edition,
geforce gtx 960 galax kfa2 exoc 2gb edition,
geforce gtx 960 gigabyte g1 gaming 4gb edition,
geforce gtx 960 galax exoc white 2gb edition,
geforce gtx 960 gigabyte oc 4gb edition,
geforce gtx 960 galax 2gb edition,
geforce gtx 960 gainward phantom glh 2gb edition,
geforce gtx 960 gainward phantom 2gb edition,
geforce gtx 960 galax exoc 2gb edition,
geforce gtx 960 gainward oc 2gb edition,
geforce gtx 960 galax gamer oc mini black 4gb edition,
geforce gtx 960 evga supersc acx 2.0+ 4gb edition,
geforce gtx 960 evga superclocked 2gb edition,
geforce gtx 780 msi twinfrozr gaming oc edition,
geforce gtx 780 palit jetstream edition,
geforce gtx 960 evga supersc acx 2.0+ 2gb edition,
geforce gtx 780 msi lightning edition,
geforce gtx 780 inno3d ichill herculez x3 ultra dhs edition,
geforce gtx 780 inno3d herculez 2000 edition,
geforce gtx 780 msi gaming 6gb edition,
geforce gtx 780 inno3d ice dragon edition,
geforce gtx 780 gigabyte ghz edition,
geforce gtx 780 gainward phantom glh edition,
geforce gtx 780 evga sc w/ acx edition sli,
geforce gtx 780 evga dual ftw w/ acx edition,
geforce gtx 780 gainward phantom edition,
geforce gtx 780 evga sc w/ acx 6gb edition,
geforce gtx 780 evga dual classified w/ acx edition,
geforce gtx 780 asus strix oc 6gb edition,
geforce gtx 780 evga sc w/ acx edition,
geforce gtx 780 evga sc edition,
geforce gtx 780 directcu ii edition,
geforce gtx 780 directcu ii oc edition,
geforce gtx 960 evga ftw acx 2.0+ 4gb edition,
geforce gtx 780 galaxy hof 3gb edition,
geforce gtx 960 evga acx 2.0+ 4gb edition,
geforce gtx 960 evga ftw acx 2.0+ 2gb edition,
geforce gtx 960 asus turbo oc 4gb edition sli,
geforce gtx 960 asus turbo oc 2gb edition,
geforce gtx 960 asus turbo oc 4gb edition,
geforce gtx 960 asus strix directcu ii oc 4gb edition,
geforce gtx 960 evga acx 2.0+ 2gb edition,
geforce gtx 960 2gb,
geforce gtx 780 asus rog poseidon edition sli,
geforce gtx 960 2gb sli,
geforce gtx 960 asus strix directcu ii oc 2gb edition,
geforce gtx 950 zotac amp! 2gb edition,
geforce gtx 950 zotac 2gb edition,
geforce gtx 950 zotac oc 2gb edition,
geforce gtx 950 pny 2gb edition,
geforce gtx 950 palit stormx 2gb edition,
geforce gtx 950 lp msi oc v3 2gb edition,
geforce gtx 950 msi gaming 2gb edition,
geforce gtx 780 asus directcu ii oc edition sli,
geforce gtx 780 6gb,
geforce gtx 770 zotac amp! edition,
geforce gtx 780,
geforce gtx 950 msi armor 2x oc 2gb edition,
geforce gtx 770 zotac 2gb oc edition,
geforce gtx 770 zotac 4gb edition,
geforce gtx 770 windforce 3x oc edition,
geforce gtx 950 palit stormx dual oc 2gb edition,
geforce gtx 770 windforce 3x oc 4gb edition,
geforce gtx 770 windforce 3x oc 4gb edition sli,
geforce gtx 770 pny xlr8 enthusiast edition,
geforce gtx 770 pny enthusiast 4gb oc edition,
geforce gtx 770 sli,
geforce gtx 960 asus mini oc 2gb edition,
geforce gtx 950 msi oc 2gb edition,
geforce gtx 770 msi twinfrozr edition,
geforce gtx 770 palit jetstream 2gb edition sli,
geforce gtx 770 palit jetstream 2gb edition,
geforce gtx 770 palit jetstream 4gb edition,
geforce gtx 770 msi twinfrozr 4gb edition,
geforce gtx 770 msi lightning edition,
geforce gtx 770 inno3d ichill herculez x3 ultra 4gb edition,
geforce gtx 770 leadtek hurricane iii edition,
geforce gtx 770 inno3d ichill herculez x3 ultra 2gb edition,
geforce gtx 770 inno3d herculez 2000 2gb edition,
geforce gtx 770 galaxy hof 2gb edition,
geforce gtx 770 gainward phantom edition,
geforce gtx 770 gainward 2gb edition,
geforce gtx 770 evga w/ acx edition,
geforce gtx 770 evga sc w/ acx edition sli,
geforce gtx 770 evga sc w/ acx edition,
geforce gtx 770 galaxy gc 2gb edition,
geforce gtx 770 evga superclocked edition,
geforce gtx 770 evga dual sc w/ acx 4gb edition,
geforce gtx 770 evga sc edition,
geforce gtx 770 evga 4gb classified edition sli,
geforce gtx 950 lp 2gb,
geforce gtx 770 evga 4gb classified edition,
geforce gtx 780 asus rog poseidon edition,
geforce gtx 770 gainward phantom 4gb edition,
geforce gtx 950 lp asus 2gb edition,
geforce gtx 950 inno3d ichill 2gb edition,
geforce gtx 950 lp msi oc v2 2gb edition,
geforce gtx 950 inno3d oc 2gb edition,
geforce gtx 950 galax kfa2 oc 2gb edition,
geforce gtx 950 inno3d ichill ultra 2gb edition,
geforce gtx 950 gigabyte windforce 2x oc 2gb edition,
geforce gtx 950 gigabyte oc 2gb edition,
geforce gtx 950 gigabyte xtreme gaming 2gb edition,
geforce gtx 950 evga superclocked+ acx 2.0 2gb edition,
geforce gtx 950 galax kfa2 ex oc white 2gb edition,
geforce gtx 950 evga ssc acx 2.0 2gb edition,
geforce gtx 950 asus oc 2gb edition,
geforce gtx 950 evga superclocked 2.0 2gb edition,
geforce gtx 950 asus directcu ii oc strix gaming 2gb edition,
geforce gtx 950 gainward 2gb edition,
geforce gtx 950 asus mini 2gb edition,
geforce gtx 950 2gb sli,
geforce gtx 950 2gb,
geforce gtx 770 directcu ii 2gb oc edition sli,
geforce gt 940 2gb [not released],
geforce gtx 760 zotac oc edition,
geforce gtx 770,
geforce gtx 950 evga ftw acx 2.0 2gb edition,
geforce gtx 760 zotac amp! edition,
geforce gtx 770 directcu ii 4gb oc edition,
geforce gtx 760 zotac 2gb edition,
geforce gtx 760 zotac 4gb edition,
geforce gtx 760 windforce 3x oc edition,
geforce gtx 760 windforce 3x oc 4gb edition,
geforce gtx 760 winfast dual fan oc 2gb edition,
geforce gtx 760 windforce 2x oc 2gb edition,
geforce gtx 770 msi 2gb oc edition,
geforce gtx 760 ti (oem),
geforce gtx 760 winfast dual fan oc 4gb edition,
geforce gtx 760 palit jetstream 4gb edition,
geforce gtx 760 msi twinfrozr oc 2gb edition,
geforce gtx 760 msi twinfrozr gaming edition,
geforce gtx 760 msi twinfrozr gaming oc edition,
geforce gtx 770 asus rog poseidon 2gb edition,
geforce gtx 760 msi oc 2gb edition,
geforce gtx 760 msi twinfrozr gaming oc 4gb edition,
geforce gtx 770 directcu ii 2gb oc edition,
geforce gtx 760 kfa2 ex oc 2gb edition,
geforce gtx 760 kfa2 ex oc 4gb edition,
geforce gtx 760 gainward phantom 4gb edition,
geforce gtx 760 galaxy gc 2gb edition,
geforce gtx 760 evga w/ acx 2gb edition,
geforce gtx 760 msi gaming itx 2gb edition,
geforce gtx 760 gainward phantom 2gb edition,
geforce gtx 760 gainward 2gb edition,
geforce gtx 760 inno3d oc 2gb edition,
geforce gtx 760 evga sc w/ acx 2gb edition,
geforce gtx 760 evga sc 2gb edition,
geforce gtx 760 evga sc w/ acx 4gb edition,
geforce gtx 760 msi hawk edition,
geforce gtx 760 evga 4gb edition,
geforce gtx 760 pny enthusiast oc edition,
geforce gt 930 2gb [not released],
geforce gtx 760 asus directcu ii oc edition,
geforce gtx 760 evga dual 4gb ftw w/ acx edition,
geforce gtx 760 asus dc mini edition,
geforce gtx 760 asus directcu ii top ssu edition,
geforce gtx 760 asus rog mars edition,
geforce gtx 760 3gb (oem),
geforce gtx 760 asus rog striker platinum edition,
geforce gtx 760 1.5gb (oem),
geforce gtx 750 zotac 1gb edition,
geforce gtx 750 zotac 2gb edition,
geforce gtx 750 ti zotac 1gb edition,
geforce gtx 750 ti zotac thunderbolt 2gb edition,
geforce gtx 760,
geforce gtx 750 zotac thunderbolt 1gb edition,
geforce gtx 750 ti pny performance oc 2gb edition,
geforce gtx 750 ti zotac 2gb edition,
geforce gtx 750 ti zotac oc 2gb edition,
geforce gtx 750 ti palit stormx oc 2gb edition,
geforce gtx 750 ti palit stormx dual 2gb edition,
geforce gtx 750 ti msi oc 2gb edition,
geforce gtx 750 ti msi oc v1 2gb edition,
geforce gtx 750 ti inno3d oc 2gb edition,
geforce gtx 750 ti msi low profile 2gb edition,
geforce gtx 750 ti kfa2 oc 2gb edition,
geforce gtx 750 ti gigabyte windforce 2x 2gb black edition,
geforce gtx 750 ti msi gaming 2gb edition,
geforce gtx 750 ti gigabyte windforce 2x oc 4gb edition,
geforce gtx 750 ti gigabyte oc 2gb edition,
geforce gtx 750 ti gigabyte windforce 2x oc 2gb edition,
geforce gtx 750 ti gigabyte oc 1gb edition,
geforce gtx 750 ti gigabyte low profile oc 2gb edition,
geforce gtx 750 ti galaxy oc 2gb edition,
geforce gtx 750 ti galaxy gc 2gb edition,
geforce gtx 760 sli,
geforce gtx 750 ti gainward golden sample 2gb edition,
geforce gtx 750 ti evga ftw w/ acx 2gb edition,
geforce gtx 750 ti evga superclocked 2gb edition,
geforce gtx 750 ti gainward 2gb edition,
geforce gtx 750 ti asus strix 2gb edition,
geforce gtx 750 ti evga 2gb edition,
geforce gtx 750 ti evga w/ acx 2gb edition,
geforce gtx 750 ti asus 2gb edition,
geforce gtx 750 ti asus ph 2gb edition,
geforce gtx 750 palit stormx oc 1gb edition,
geforce gtx 750 ti,
geforce gtx 750 ti asus oc 2gb edition,
geforce gtx 750 sparkle 1gb edition,
geforce gtx 750 ti asus strix oc 2gb edition,
geforce gtx 750 palit kalmx 2gb edition,
geforce gtx 750 palit stormx 2gb edition,
geforce gtx 750 msi oc 2gb edition,
geforce gtx 750 inno3d 2gb edition,
geforce gtx 750 msi gaming 2gb edition,
geforce gtx 750 msi oc 1gb edition,
geforce gtx 750 ti asus strix directcu ii oc 4gb edition,
geforce gtx 760 palit jetstream 2gb edition,
geforce gtx 750 gigabyte oc 1gb edition,
geforce gtx 750 evga superclocked 1gb edition,
geforce gtx 750 galaxy slim oc 1gb edition,
geforce gtx 750 msi gaming 1gb edition,
geforce gtx 750 gigabyte oc 2gb edition,
geforce gtx 750 evga superclocked 2gb edition,
geforce gtx 750 gainward 1gb edition,
geforce gtx 750 asus directcu silent 2gb edition,
geforce gtx 750,
geforce gtx 750 asus 2gb oc edition,
geforce gtx 745 (oem),
geforce gtx 750 asus 1gb oc edition,
geforce gtx 750 gainward 2gb edition,
geforce gtx 750 evga 2gb edition,
geforce gt 740 v3 msi 2gb edition,
geforce gt 740 v3 asus dust proof fan oc 2gb edition,
geforce gt 740 v2 inno3d ichill herculez 2000 1gb edition,
geforce gt 740 v3,
geforce gt 740 v2 inno3d herculez oc 2gb edition,
geforce gt 740 v2 gainward golden sample 2gb edition,
geforce gt 740 v2 gainward golden sample 1gb edition,
geforce gt 740 v2 gainward 2gb edition,
geforce gt 740 v2 inno3d herculez oc 1gb edition,
geforce gt 740 v2 gigabyte oc 2gb edition,
geforce gt 740 v2 evga superclocked 1gb edition,
geforce gt 740 v2 evga superclocked 4gb edition,
geforce gt 740 v2 gainward 1gb edition,
geforce gt 740 v2 evga ftw 2gb edition,
geforce gt 740 v2 evga superclocked 2gb edition,
geforce gt 740 v2 asus oc 1gb edition,
geforce gt 740 v2 evga ftw 1gb edition,
geforce gt 740 gainward one-slot cooler 2gb edition,
geforce gt 740 gainward one-slot cooler 1gb edition,
geforce gt 740 evga superclocked ss 4gb edition,
geforce gt 740 evga superclocked ds 4gb edition,
geforce gt 740 v2 asus oc 2gb edition,
geforce gt 740 v2,
geforce gt 740 evga superclocked ds 2gb edition,
geforce gt 740 evga superclocked ss 2gb edition,
geforce gt 740,
geforce gt 740 asus 2gb edition,
geforce gt 730 v3 msi 4gb edition,
geforce gt 730 v3 palit 2gb edition,
geforce gt 730 v3 zotac 4gb edition,
geforce gtx 750 gigabyte oc low profile 2gb edition,
geforce gt 730 v3 gigabyte 2gb edition,
geforce gt 730 v3 inno3d 2gb edition,
geforce gt 730 v3 msi 2gb edition,
geforce gt 730 v3 biostar oc 2gb edition,
geforce gt 730 v3 gainward 1gb edition,
geforce gt 730 v3 asus 2gb edition,
geforce gt 730 v3 asus 4gb edition,
geforce gt 730 v2 msi oc 2gb edition,
geforce gt 730 v2 zotac 2gb edition,
geforce gt 730 v2 inno3d low profile 2gb edition,
geforce gt 730 v2 zotac 1gb edition,
geforce gt 730 v2 msi oc 1gb edition,
geforce gt 730 v2 gigabyte rev 1.0 2gb edition,
geforce gt 730 v2 gigabyte oc 1gb edition,
geforce gt 730 asus silent 2gb edition,
geforce gt 730 v2,
geforce gt 730 asus silent 1gb edition,
geforce gt 730 v2 inno3d low profile 1gb edition,
geforce gt 730 v3,
geforce gt 730 v2 gigabyte rev 2.0 2gb edition,
geforce gt 730 afox low profile 4gb edition,
geforce gt 730 v2 evga low profile 2gb edition,
geforce gt 720 v2,
geforce gt 720 v2 msi 2gb edition,
geforce gt 730,
geforce2 ultra,
geforce gt 710 v2,
geforce gt 710,
geforce gt 720,
geforce 2 mx 64mb,
geforce 2 mx 400 64mb,
geforce gt 710 v2 evga low profile 2gb edition,
geforce2 ti,
geforce2 gts,
geforce fx 5700 ultra,
geforce 2 mx 100/200 32mb,
geforce fx 5900 ultra,
geforce fx 5700 ve,
geforce fx 5700,
geforce fx 5600 xt,
geforce fx 5500,
geforce fx 5700 le,
geforce fx 5600 ultra,
geforce fx 5200,
geforce4 ti 4400,
geforce4 ti 4600 ,
geforce gt 710 v2 evga passive 2gb edition,
geforce4 mx 460,
geforce4 mx 420,
geforce 4 mx 440,
geforce4 ti 4200,
geforce 4 mx 440 agp 8x,
geforce 6800 gs,
geforce 4 mx 4000,
geforce 6600 gt 256mb,
geforce 6800 gt leadtek edition,
geforce 6600 le,
geforce 6800 gt,
geforce 6600 gt,
geforce 6500,
geforce 6200 le,
geforce2 pro,
geforce 6600,
geforce 6200 turbocache,
geforce 6150 se / nforce 430 64mb ddr3,
geforce 6150 le,
geforce 6150 se nforce 430,
geforce 6150 se 256mb,
geforce 6100 nforce 405,
geforce 6100,
geforce 6200,
